income,credit_score,credit_card_usage,education_level,family_size,age,loan_amount,approved
57450.71229516849,789.9355436586002,0.36496434500512365,1,2,39.413143560612724,15888.728437706106,1
47926.03548243223,742.4633682912769,0.47109626585689646,1,4,36.35052159457631,34739.497012264095,1
59715.32807151039,655.9630369920175,0.34151601580000773,1,4,31.974856123400638,31852.34699885164,1
72845.44784612038,585.3063222294426,0.43840769407219193,0,2,28.686909798116325,-8519.078407826753,0
46487.69937914996,719.822331361359,0.12127706660924287,2,3,39.198837260617054,24791.682103198393,1
46487.945645762295,689.348538542175,0.5426587414745877,2,4,36.00757636979984,29976.19762807898,0
73688.19223261088,739.5193220027733,0.5002410950724449,1,2,37.6082560063439,33285.92736671117,1
61511.52093729363,713.517180168197,0.33658227378636185,0,2,39.807458275562915,8233.628142205773,1
42957.88421097572,754.9552715319335,0.631849133686481,2,2,37.56601478143048,25903.4289701423,1
58138.40065378947,596.4764788439433,0.6875140275253117,1,3,55.13295406927851,21950.736786657282,0
43048.734607813065,781.7394065634326,0.17848802712620515,2,1,29.72035115821862,24314.089669663248,1
43014.05369644615,669.75996046924,0.3474550442867571,2,2,39.32293344119706,29989.364865930183,1
53629.43407349051,857.5260872625265,0.3461715300425403,0,0,32.72306784151259,31567.098527264345,1
21300.79633013303,581.0812181910433,0.312019379778227,0,2,10.385278864247592,13442.570452355289,0
24126.23251230451,823.5963803165249,0.6658949683863498,2,2,33.06527177131555,22654.193318466565,0
41565.68706138541,669.7910783462647,0.4612347722454393,1,2,25.635029440814595,20411.35317212128,1
34807.53319498364,584.8581996385551,0.44709703173787785,0,4,34.33177541159586,17606.47377730345,0
54713.709988929106,601.6114165945678,0.0992275271186493,2,2,34.73597478668295,18562.247888309594,1
36379.638867181835,617.9652691805679,0.6270836060418453,0,3,38.853578879393375,21959.872420566368,0
28815.44447997063,692.4165946401916,0.2521483210293055,0,2,29.69820624683831,13980.183975327336,0
71984.7315338233,702.2835488035499,0.5119865260532657,0,5,30.94907084263059,28830.367785308805,1
46613.355492701965,592.6299996061421,0.5554753875916383,2,0,42.00693652809949,32693.082882918497,0
51012.92307031886,647.5645407739017,0.7721317191677302,1,4,26.909414705188773,11794.234444141044,1
28628.77720679815,864.2270358611863,0.23823592017617756,1,2,16.615470092907078,33183.29887939122,0
41834.25913212226,822.7543170100712,-0.10390243116416509,1,6,36.57031356926481,11813.06575773859,1
51663.83884564799,693.6323669674032,0.536769908950739,0,2,45.708487475682446,28977.86911689785,1
32735.09633866546,653.80034781682,0.8601022363021708,2,2,41.89180475646886,33164.78810590568,0
55635.47027518508,662.0031326718262,0.7477892705878875,0,1,36.754841955303036,19054.89303920161,1
40990.419651217926,711.3517972730417,0.5419318830549251,1,1,47.50645343348778,11895.022580162215,1
45624.593753100846,547.7207434801594,0.40167276287359055,1,2,45.82017239164916,14113.170022883703,0
40974.40081655905,624.2623462576655,0.661424519327462,2,1,31.690854722709393,23618.568656488565,1
77784.17276763407,483.1415926122411,0.30529076005910627,0,5,37.4752172833707,39646.544124099644,0
49797.541628930994,689.922312260528,0.5952715538712439,1,3,37.9046022263644,3072.6715896329006,1
34134.3360656615,714.7195939702741,0.6010940318333253,2,2,34.1324937125743,21002.419648119776,0
62338.173681547836,601.6813537700626,0.7120419814997759,0,3,46.34247570873878,19119.27850902988,1
31687.345250434668,807.3986763290033,1.0519320077822156,0,2,33.47859566603229,15434.782382318903,0
53132.95392507133,527.4234336997658,0.5784831934357534,1,2,29.997211089950042,19192.180582713852,1
20604.948141803365,503.562511979018,0.39820727485850027,1,1,9.084587426248454,14578.031781509224,0
30077.209266523543,672.4451818559972,0.49488513756160113,0,7,27.016961176262885,32431.554118624077,0
52952.91853803685,754.7098302612154,0.14618481902217634,0,2,21.845820911965678,33424.93806666725,1
61076.99869993116,818.3927691457868,0.3610573737821884,1,4,34.59603848733565,20881.352711470226,0
52570.524217849554,604.111573713106,0.4181435123773792,0,6,22.463107495372455,18588.549865137098,1
48265.27576417639,757.8680833431296,0.3951823204130815,1,3,41.08684741668901,15069.633273729349,1
45483.444566160666,646.1491530499293,0.5304709744067444,0,1,46.08437608214039,20902.813377526767,1
27822.17014448859,632.737270005918,0.33551601352355986,1,2,34.6884324141188,38478.31028867625,0
39202.33687407937,738.3659937486673,0.7242061334648943,2,1,25.159822837362583,18962.657637986416,0
43090.41843560319,715.232287841342,0.5000414129836395,1,0,37.86400376181534,11605.676019737404,1
65856.83339328374,492.36078430157505,0.4981399357722771,1,1,53.93475058088028,16022.38108653149,0
55154.27434352692,797.6540349725896,0.43442105669741643,2,4,50.82480629324561,27534.6996176888,1
23554.39766955899,788.0091354147452,0.5310381367717958,0,4,20.939213067625772,12822.63295952395,0
54861.25954092192,587.443729849047,0.6650196529335269,2,6,20.568187765317617,19662.93905337476,0
44223.76579375525,689.5803533437409,0.3265739568578199,1,1,18.00463560200052,24728.831351627392,1
39846.169995410615,699.4030186282739,0.36837670218494867,0,5,23.63020546249679,13581.371439469733,0
59175.14433261302,676.0673765823907,0.43925479424466707,2,7,37.5159246876863,2355.942792349484,1
65464.99283743926,594.969484615458,0.230825815305357,0,2,29.43305724830075,9286.145361468978,0
63969.20178674298,582.8376632061949,0.33614842805570044,0,2,26.61329964115391,11412.334911270262,0
37411.73715166042,647.4445929008555,0.4047558252910682,2,1,45.39109767516452,17711.726941433586,0
45361.81436223178,767.2729019259365,0.6748778361425455,0,3,40.30093119087627,20442.996613952775,1
54968.95147105346,704.3600154594433,0.552512265800385,2,4,17.95297372846188,28237.01297377111,1
64633.17690683539,612.9385667913893,0.5387179822735089,1,3,44.81724674209636,7727.43991335293,1
42812.38643232065,727.1698710648345,0.6701795924335945,0,2,40.060347224620386,26782.86870707175,1
47215.115350042746,365.1457379369925,0.4725256423201207,1,2,40.282632580303726,16290.764888501984,0
33404.97538990958,764.8765700372103,0.578092969985778,1,2,29.295259760694314,2144.5270111815225,0
32056.90063878994,476.02862212219003,0.47935564941350073,0,4,33.1269582020511,20135.736593842048,0
62187.88733591297,613.7559058596868,0.5530724698799256,2,6,15.27278471802883,33162.67551499968,1
70343.60042856235,538.0330105373856,0.3834482684776836,0,1,43.66986672534625,28831.14551658483,0
48919.848176294996,520.5318524279094,0.01223656834471415,1,5,25.010729886986844,19237.295889779325,0
65052.99346838036,766.0826787378519,0.4731441675627392,1,0,26.29370968906056,31257.706161287504,1
55424.54037571451,603.2298798688108,0.7845496272199881,2,4,26.15858705640283,21922.22680547305,0
40323.203680923136,684.6503881730716,0.6852430804483185,0,4,53.00401116903819,29811.88827822438,0
55420.934082626205,645.3079421120816,0.6930794969182341,1,5,28.31295935237713,3383.9766503119827,1
73070.54849698953,697.7040827223121,0.7472261443612436,1,1,44.42260273543723,7503.271847397353,1
49462.60941335073,657.6821891060256,0.5177315181922875,1,5,34.76007895117218,27290.359855727198,1
73469.6548372101,521.700777581143,0.5394631414811191,2,2,26.708902865645207,35392.824943448235,0
10703.823438653832,749.626681944714,0.37646962091312997,1,2,24.895999467203026,24172.957309125057,0
62328.53756562836,600.6243416838688,0.43678542879459004,1,6,28.711439125160084,15026.631266241977,1
51305.706023572566,494.34181013402485,0.6231542299542283,0,1,34.25538593224126,11494.841414267104,0
45514.88974301199,607.1884839034087,0.7407768874337632,0,3,41.01737106388174,16846.84836405192,1
51376.41164803253,800.0759790634311,0.4721107448638001,1,5,30.29008320509584,32136.36991716765,1
20186.46628098661,735.0221742113492,0.40996214702971767,1,3,29.915882582196804,16574.729617126057,0
46704.92168243732,615.134786559214,0.5001055917713194,0,0,26.18844855097926,30477.61241387419,1
55356.6885726762,615.0742295681571,0.620241349785823,2,4,23.059578585397773,26525.731254545448,1
72168.41067112274,617.8364948782618,0.21122903677329163,2,2,22.22308980247738,37139.258004269934,1
42225.94672589529,857.6747983560841,0.04076380937255236,2,1,44.88028917939601,22002.618715365075,1
37872.595956602185,688.1935452231553,0.3898926301016833,2,6,29.71160915379128,19504.036388179586,0
42473.64434623195,693.0041647191069,0.25585751481716823,2,5,30.597241004442342,30976.72105680268,1
63731.03176553111,753.0283454031842,0.3983719604705378,2,4,28.33387417019148,10647.372047019817,1
54931.266644895266,673.8789159026513,0.4704439362365057,2,1,31.831437100723765,15559.830228890627,1
42053.59694349442,624.0957854179297,0.4093503181953973,2,2,38.710741743234344,3199.9525447015185,1
57699.01149670034,630.3650150915022,0.7904935068941491,0,2,30.13119178830378,7456.754409520045,1
51456.16324022061,642.8398740585936,0.565348952920464,2,2,36.80739887430571,39233.7187972981,1
64529.674857993334,646.2777763490159,0.5600948719221657,2,2,49.1820848949764,26923.145736406997,1
39469.203591839716,722.762954363698,0.6244414288086804,2,0,26.80335983812794,6292.984170270653,1
45085.067801033474,655.1945885807299,0.27223337644384615,1,8,30.605317300097912,31948.28994627055,1
44118.377703017635,723.264007721558,0.7078223574840538,0,4,41.41060269411808,12963.02453804657,1
28047.275778018222,641.9283419891418,0.484847142692908,0,2,49.972961671819256,26409.50608333397,0
54441.80415596864,657.863519031609,0.6340961234482425,0,3,22.57689722123799,26260.136043956714,0
53915.82908269834,450.17993154678925,0.2856285533919689,2,4,17.991959751521676,36649.90700082699,0
50076.70184963691,741.6327674702482,0.1892482467967871,2,3,34.99393649127708,14622.70249499545,1
46481.1929993728,684.6488475897993,0.6635779316050058,1,5,33.96123103028196,12597.706128199654,1
28769.438869243786,749.8010109859653,0.5752819052195033,0,6,42.001692961660986,-6890.425147584589,1
43690.320158519615,360.3744621806311,0.31958968912849794,2,9,40.47560346621014,18782.268733068282,0
44859.282252098456,858.8374704780728,0.3260673837450611,0,4,34.66036774125727,27253.29831984233,1
37965.84096167571,636.0410371844827,0.7250869568829539,1,5,45.492148533667915,28619.738352694734,0
47580.71432500986,760.8182816737517,0.2621176214265344,1,3,28.1898234514734,32523.993796287585,1
56060.762852218075,546.009407287447,0.8285345906511927,1,2,37.11580792076755,22898.057419983936,0
78292.78851815795,711.277390506257,0.3198758530704262,0,1,22.842927711856802,25047.81118239167,1
52618.66719247759,544.6584436826344,0.6276783851216766,2,3,34.57871723824682,20681.20440713614,0
53863.25586084147,587.6231039304195,0.4342763048502031,2,2,20.388683614599685,27074.548355529012,0
48883.311263507494,841.4031353866786,0.6206374862164686,1,3,23.841564530236994,10657.576429000099,0
21218.431770514377,630.9317599236654,0.39117719957716146,2,3,52.0945183748992,5915.351690847485,0
49602.291868261746,671.7432873179723,0.46744141878554113,1,4,16.754624321444297,11712.619905587171,1
50903.4531491154,737.0067730688754,0.5081838350791442,0,1,32.8334830458524,22136.23717586657,1
86948.6316872793,699.5681887972605,0.29956250884370544,1,4,43.27215122724668,6995.753341947526,1
47114.58552828316,665.0418905143576,0.6481648690840252,0,2,57.213555816894285,13667.558403958119,0
54523.210135004185,686.4961002466225,0.39735728670568293,1,3,36.77075041766048,13987.057169648342,0
49479.32345442135,890.3415585238275,0.45428001693199627,2,2,37.34220126062692,27818.212109654563,1
32469.82943570702,644.2381202966415,0.3011301250782975,2,2,35.39685381747749,26600.954605303792,1
67142.34221772531,670.1099046714968,-0.0124667317590621,1,4,45.57234404684162,20704.86092258917,1
61278.99549030161,755.0654396007612,0.4617944474799662,2,4,39.31703565237898,24510.648816375568,1
61865.47920564571,760.5525932957984,0.9825230843225832,2,7,29.24912213207115,24707.904439669706,1
36359.18817807891,768.703030556038,0.6569208575796048,2,0,46.15511691428727,16363.804428670284,0
71041.91466404148,713.8730222029185,0.4961479240531211,0,2,30.37809284152173,14575.006936122714,1
28972.234058115788,535.6995087269516,0.44742183415834647,2,1,19.015038799160006,35366.86415622371,0
58802.85640700405,813.3431532301096,0.5044931785624093,0,5,19.04675458564422,-4891.278048023236,0
82856.83438714968,535.3654606981312,0.609423823035042,1,2,32.98931853575317,12586.966310627475,0
35141.955123039676,680.2635465239033,0.26383743693823103,2,0,36.03041565771389,17962.17478590094,0
41505.53405595842,574.5724149980642,0.7228643389337744,2,1,44.55629273048739,25599.51427319347,0
51494.77047631462,643.5861653407007,0.6430762630882488,2,4,41.40816411781102,31355.065261031916,1
42447.86518825701,682.8762410303481,0.6436371451415869,1,6,35.79850945206344,38567.316041881466,0
26740.04853400801,682.1357215450273,0.5876951477619454,0,1,45.11510491432352,19082.893171298696,1
51028.44462209041,692.1920754235284,0.503923331538798,0,2,35.12737906630951,19752.643753101664,1
34065.44429410843,811.3711269058647,0.634572247193364,2,4,22.09513967220052,23626.1006061518,0
57103.88645952773,695.353430151398,0.6183628267482756,1,5,19.91547678022443,14688.79061671078,1
36208.63648649295,625.5843364709351,0.42919185781179525,1,2,47.786877076056584,8157.627279441249,0
73249.01607526309,746.4087168288357,0.3852796454206198,1,3,12.547702085979381,19037.495337359815,1
38251.20061495644,768.9470488924641,0.5203712590523973,1,4,32.992593442908316,27453.72292001798,0
45169.07725691487,527.2392184863007,0.8098040302990375,1,4,64.81793493755023,17570.76553823519,0
62202.758260545044,709.7400069849858,0.25217858486921985,0,2,39.59233444310499,24134.353887180932,1
31537.03525349067,720.1172742310898,0.20649494684951197,0,6,32.91457179521134,1311.8268712846366,0
53411.899019061944,620.2436496640008,0.5329521682473033,0,3,18.155384333468206,20184.046234194586,1
69607.14131423642,787.570681331162,0.5101775403712037,2,1,51.17370568133216,15965.53409285675,1
25887.75148158159,634.9944412967474,0.5346683328740817,1,4,47.138278706944575,7248.7624450881485,0
52769.507877984564,662.5576453471542,0.5487906395817,2,1,41.84796912338397,26572.125035848472,1
53898.24191372635,632.6928175716131,0.455359549073039,1,4,34.99440267023186,38456.455692743155,1
61727.34307665966,651.5579047581467,0.7979726877204165,0,2,40.720122469413774,29899.589256808853,1
31445.73933682877,540.3724913104799,0.1798192043046969,2,2,33.513789413961476,30537.490054784394,0
30193.150803735854,505.99491174057056,0.3343005950439508,0,2,25.267390895156684,27124.770346168043,0
57829.12348425346,809.4505063224972,0.4793490479701905,1,3,44.56334931504813,26464.514496462198,1
54454.77009849779,565.3038651681672,0.17136223776916654,1,6,34.493413434177896,2005.6806442448396,0
53757.39275518815,550.8607650543693,0.46482911911358576,1,2,40.21943964658788,18720.49049928011,0
55196.72314245463,434.6609886396285,0.8322940331456037,0,4,33.78876759440234,25086.697666458673,0
39799.62917632264,586.1038252310498,0.5041772976591924,1,1,39.618193820468434,25314.04781200867,0
53483.80545741505,517.6910206592502,0.5461401811437367,0,0,34.8550726934225,32717.06189269705,0
54396.08709948022,814.2015160136369,0.24796704696548394,2,1,34.07450147910458,9676.02350366821,1
39284.72872960448,750.9817089342635,0.3767277183921045,1,3,35.29989595477521,26072.71615407699,1
77986.61766717135,581.1849654822277,0.4249607239352126,1,3,64.60869690463045,9349.589960073865,0
57107.49381367681,875.2435805344309,0.43645698064875316,1,3,43.02406985981937,17883.004101609396,1
32130.44754196027,748.1765486991594,0.7563287590007537,2,4,60.86057916899522,19380.369927647243,1
59848.30412950744,617.5168616491378,0.6115382121450249,1,4,34.91897585991817,28625.709140489518,1
35379.77494659018,400.0594285126427,0.2777084086125936,0,3,31.909420306354793,27449.533884003442,0
61806.26905613678,879.0942572590742,0.549300955686401,0,4,24.258029416245243,21203.30587711639,1
67378.93368511106,511.0427533236404,0.5996443496993571,1,3,51.0323119662256,-1520.375212207091,0
37689.76522472434,485.46012530431085,0.7280298077042533,1,5,25.94815092850894,24448.337329920538,0
64450.64193866483,752.2570432009641,0.8161081373136747,2,4,53.0956075738669,17323.235229612128,1
56191.71390404747,893.9752406339273,0.2969811616344262,2,1,24.83811669229702,33918.058916191,1
62330.90239991735,788.4272818510518,0.33782849775793233,2,1,43.86659868632427,31534.935443403687,1
78451.89473980921,706.3909120052359,0.24848442821707672,1,1,19.08992516526354,10619.770930943421,1
46319.17825995694,709.4754341665285,0.4531960281786037,2,2,30.580442984093356,25821.742389905852,1
38693.95753463766,735.3415558780308,0.5932716748892669,2,2,35.22081529446324,26019.106061604045,0
36657.28355561715,725.8928589786765,0.6974669033178204,0,4,29.02508984296513,25291.835796169256,0
37762.845725518426,678.1191423969376,0.4848097952714954,2,2,33.3067339816604,23995.810747455987,0
48843.47435878844,660.4201103951876,0.4360304953490312,0,3,33.35454894421139,26301.545864682503,1
55117.279622249654,643.7406872100478,0.5303515984497481,0,4,43.06933550030064,35014.85815573996,1
54150.36198995029,574.6035411133323,0.33297141967399535,2,4,14.132482110132585,14486.196667734635,0
62407.74873554036,621.9324923133225,0.9179077443389547,0,4,29.370802719719357,10941.903767428797,1
50195.02837816861,480.70431858046146,0.17846779457638823,1,5,47.54636347770956,27827.151355055033,0
71803.01115735975,640.166037320525,0.5369481157791449,1,3,40.624799233165945,1166.379053688419,1
46030.147501430656,551.1408892849082,0.9047212438459279,2,6,47.71286262127013,26540.238605628703,0
90802.53749884429,539.641068278423,0.5013599689119995,1,2,42.58789354772685,24769.38968542047,0
59385.01021647509,667.9894151153478,0.4619921929997011,0,4,24.164848929901893,-3455.025236122241,1
37142.63665375576,789.2002286344599,0.42851091543791453,1,3,41.608971711195764,13636.633403896347,0
33936.612529083315,741.8316606002313,0.4639216636475184,2,2,36.00192800092763,35759.74525607984,0
57237.08622864778,492.9499396376823,0.774569694935306,2,5,57.68061331792991,5428.2346928406005,0
46648.05822011224,551.0371863429663,0.057627617734098635,0,2,43.021645824944095,22125.916149494285,1
60710.007411381375,744.0771187988216,0.8066867402592651,2,1,40.233674076776005,9950.947000062153,1
57098.56436860317,551.751260646169,0.21520856950997097,1,2,41.69424263341311,12910.536959382343,0
48907.56631014691,627.5366850002976,0.44666953415311705,2,2,39.68845541666624,39163.188204273385,1
37298.094228973925,705.0052099024551,0.41415111594026766,0,6,39.41801127746073,21234.443457861395,0
27277.291629712032,553.1655545136365,0.6177106539541439,2,2,32.33706630603081,25169.50688562923,0
43302.275718994686,660.537550614596,0.18037512962325047,1,3,40.354728870200006,18875.35423573486,1
62845.981914852084,516.5974505081796,0.5924345332163886,0,3,44.484666802726956,4848.66685902377,0
53211.40616195306,589.8632356048786,0.9048619246573706,1,4,45.60328069032085,8150.767931023389,0
31313.91831932018,681.9781934142537,0.22736519908143787,0,2,44.39116819603514,31784.303256422325,0
52597.71388776773,490.70062664683303,0.5379412335220791,2,2,50.08063646152072,21528.921483457347,0
55779.76069593255,694.0474737960399,0.3676035644406782,0,3,46.228921233039244,12297.116440435155,1
36742.138456983004,648.0362201073319,0.5851774412386072,0,4,41.2851791410077,19779.481987431398,0
52305.87658918292,705.2489954417148,0.5038295554831504,2,5,23.563392003362978,26615.979632839484,1
50873.13077669,672.3914134064662,0.37170261819113803,1,6,23.56731677170916,24544.88847583313,1
32855.44553254065,786.4140429973844,0.5975744569742147,2,0,32.51865596738649,12302.107997841546,0
55366.81040522425,662.5224502647907,0.8608696219573486,0,3,35.46753686047719,4246.967210628465,0
58411.76789552352,607.0594458874747,0.46181924165454025,2,2,48.98001531203262,15929.53456778454,1
66245.76864762916,662.2297503032283,0.6439515884296364,0,5,7.20293114204463,31090.486359367067,1
65807.03078052355,704.3298029036388,0.24134540842576724,2,4,24.667937372569043,28543.769651072107,1
29334.959480643633,654.8860070325704,0.3087127246363982,2,1,33.057790855351634,24104.032649251625,0
35932.62440127316,654.0591691203882,0.5944812555760755,1,1,25.031423713673114,18291.195885338886,1
57725.529008129895,579.8008312193244,0.796823205707193,0,2,27.018926616297357,14832.532379393826,1
57706.78926368313,583.7099082449051,0.571122669757132,1,2,30.008379041145638,18476.715955456402,0
57725.715294590715,509.73947282003064,0.4373883938953691,0,2,25.541741359257312,27817.71664302121,0
107790.97235982082,824.957674318694,0.49985828108467084,2,3,27.275756725845234,30101.906122357614,1
58563.35766039751,525.6136764608715,0.2499184532060565,0,0,48.63232563694452,17382.132350777323,0
67033.48460270898,580.7094802204092,0.6209030652710734,1,0,41.143183401619794,45362.31309527593,0
64310.02645239804,578.1592734430802,0.6764666124646819,1,3,42.63943344742004,20924.037757770562,0
59770.868769586974,739.4924376944441,0.4095819334333839,1,2,34.65877242542045,16530.44550065098,1
45270.96133039481,620.5050321707972,0.4059915704480997,0,5,45.11105212671761,34756.69438609551,1
61384.53830739901,774.7742072673734,0.5531756459304097,1,4,43.47798317972784,-382.9652976227517,0
38407.621781936425,582.6509375756132,0.4126560527918809,1,1,40.98537914440361,24800.336945653555,0
46447.72089889987,677.8994162223802,0.48677347707483554,1,4,28.458359448578893,19272.01607366703,1
42719.54678256345,566.4652946740242,0.9199443578333031,2,6,30.579628516101245,34481.843198713585,0
51228.112090794835,864.5149127773388,0.45059485985080067,2,2,45.58130098732369,26049.23358650192,1
84719.87850010264,531.2401580970487,0.42833196959575554,0,1,29.83266258549045,21391.021698416585,0
21991.02211112378,680.9820710227027,0.37049163887296815,0,4,22.114758637355443,26626.33797546549,0
60293.9028556177,713.3776880932098,0.6488383942999874,1,6,29.63981925236022,9444.17687879248,1
25809.261932155227,691.3799097451498,0.4637551653563794,2,2,50.59405682219119,29668.198344788587,0
42921.0220131585,631.4712341122291,0.3701253923357148,1,5,29.64963335608403,6554.142429865289,1
66334.25895451049,637.0179300266574,0.7642608064546024,1,2,38.27654791986692,23584.973808143648,1
50964.200286431944,654.381147197911,0.7839206009027275,2,1,28.843120746285518,20356.143410860244,1
33833.82833106041,635.2997998371511,0.37991528685225895,2,1,42.63425554485366,2369.45423628575,0
39270.444361100475,746.387911679491,0.12669200972787675,2,1,40.36799190703022,20689.420580960497,0
60193.96623402014,871.0523001591351,0.7015027379673844,0,1,20.088152588346375,22819.867517062983,1
39044.50052424295,594.2508214992166,0.36307403484799916,0,2,37.680319870859805,13451.240260422092,0
53246.878843729624,513.0197020420921,0.6581251198325537,1,2,18.174131127014327,9875.780011573921,0
50683.5775985572,641.1717951648745,0.10597923645763285,0,1,29.459322025710904,24921.77403428397,1
40225.99478591274,907.9709337654319,0.6785194676598618,2,1,34.885660833676226,23623.150011608097,1
82159.16133987988,569.6325432030269,0.25776561414384375,2,3,53.468659154624966,22268.190892540435,0
59508.78533477017,813.9116805444067,0.646152823813305,0,3,38.17912465099177,20088.417723548835,1
19622.861200135892,817.770081407644,0.5028546135672868,1,1,27.329139127369572,14334.369830244032,0
52796.814721541414,594.6411758292005,0.309212116120671,1,3,31.827898974833996,42721.814526647686,0
40073.20302847418,706.8983079185275,0.41859273741464387,0,4,44.24196774442504,17016.69159751912,1
62786.50002194336,812.8396623128538,0.6372636913913402,1,3,27.46483158260033,11348.866365312168,1
38112.188923509486,612.0872259012513,0.5211788906230469,1,3,45.96978498001491,20544.272752101337,0
48278.95337799651,629.6419639897638,0.6168825960944968,1,5,29.769487219526045,18190.589536888823,1
57574.80918470686,591.8319086051356,0.8952881169030971,2,2,25.846808444878825,16784.871915835094,0
62986.327912551824,548.5243269307133,0.18715167765778973,2,1,30.08997039097229,38742.76090605986,1
31995.553894163357,585.0722454933994,0.8234425149937248,0,1,18.837155959119304,8702.521819953929,0
44982.481462385775,527.6059733237744,0.5208711875046426,2,3,13.274230188490389,20374.37068793706,0
42875.82033258566,653.4083468259226,0.32024319033537435,1,2,34.174646106791414,9373.269750714882,1
40200.06151139432,573.0026768941358,0.233937274852202,2,6,34.327021216564404,14589.752286039715,1
76481.81360421646,673.3785911790748,0.46217592184459333,0,0,37.56461784536666,37361.15949895032,0
56074.725664414334,494.4104353796373,0.6843300223848918,2,3,34.12525815274427,22814.45055721893,0
31086.740684974324,683.0880232214457,0.47449017592449316,1,4,58.29253124105823,22693.705951883843,0
63767.92920582164,733.3528961608924,0.8022309860494695,1,5,36.684093432726975,10605.187718721458,0
81832.3429551895,450.6264357428545,0.2097648619896882,0,1,21.23537143883395,15753.784412832181,0
65486.97890826721,687.4056569847572,0.4975822104307891,2,2,23.800851442974167,38231.215215585034,1
27209.4505106898,772.7668992473292,0.2495213111173762,2,2,35.003046693487285,24993.62246436911,0
42736.48890700623,529.0358981308794,0.5727263765249936,2,2,30.645733824415295,16602.851483570954,0
69003.66723779934,817.2572386837703,0.6773774780194601,1,4,22.715201028365357,24406.07256969939,1
39384.958015718286,691.9019009366045,0.41584764126378937,0,3,34.411519173671365,22676.638632112088,0
56657.291422193426,579.4988144241591,-0.02084277132542689,2,2,34.55775770617658,11605.603461481236,0
61619.510801440054,644.4230922342294,0.5397896293592989,1,1,50.95693733496715,16311.917514779261,1
36096.04292632875,705.8326912521723,0.587347710346702,1,2,25.83910292877904,42545.36102107866,0
49107.119659072996,657.6005391412411,0.5808589509923395,1,4,30.82272194091827,23920.02583446641,1
1380.9898989639114,703.8755992446369,0.7471564383644308,2,3,50.92616389095632,4309.579886904574,0
34634.185379985654,557.9326406920634,0.28578926407019023,2,4,38.28586207930609,25102.10148246411,0
46211.4777291026,666.9360824036078,0.6360432210900899,2,2,25.78045272480618,33030.88273027947,1
31283.252270527257,508.628550309502,0.738501502495595,2,3,27.85267815489091,10956.218198472725,0
74486.16955897454,638.87739386513,0.14428248319869663,2,0,22.858412449653386,15431.577033165198,1
28547.87933059051,559.609235853521,0.5639303651837955,2,3,35.7727262767366,34537.70954958518,0
43399.332699545244,576.4470057410233,0.3991640337984657,2,3,45.31159984835671,20349.1246882623,0
51961.10865929137,773.6093175210437,0.48369546537967084,2,3,51.309012756323256,18571.2177720871,1
71619.09933599173,759.1310120594269,0.5695352967076672,2,1,20.137182690652228,6639.419701215211,1
28462.06773230841,710.9138120907177,0.4025542871772895,1,3,43.6911723698333,30705.66308480867,0
67447.45628232439,540.7687235327421,0.36485838416767763,2,1,36.64312797800548,18115.30963249373,0
50153.4959152938,618.3591550305198,0.506830483497605,0,4,32.38069635163252,-1709.8293515676924,1
35277.37023428074,771.3097699979184,0.2825508122274395,1,0,30.826619601206836,4273.624852337458,0
56931.55211394906,664.1716913639905,0.2828349742229629,2,4,15.790681641052856,14384.193848173025,1
52985.895433602054,881.9329539981694,0.6358746565913007,0,3,41.37998629068246,9271.577068373645,1
40996.74684261808,689.3317839394372,0.27024119296826876,2,2,21.811432241566507,10840.382463000215,1
51047.031274850284,669.2049116490032,0.6332625001818424,0,2,27.518041849422914,43446.698953034305,1
44220.2960470736,619.0883535797499,0.5925182585707902,0,4,39.179846345532965,27075.23013666104,1
51702.76017876872,663.3540904782283,0.15483865424188065,0,3,16.83364429550894,-5773.450229943432,1
59931.9601178157,634.7530163619456,0.36448706953286897,0,3,21.792060571853003,16856.780887794976,1
73790.25224218029,720.810867668859,0.7388218806094745,1,3,47.1866265914354,19105.06592646132,1
31432.767517597265,745.6702316794584,0.3037668937720637,1,7,36.220588795727295,5230.660660633657,0
81995.500619844,571.4010539492051,0.40711914753812245,0,6,28.37798632875627,25343.86305535943,0
20718.68300716247,516.8767046442222,0.5924121786503793,2,2,36.2599615430351,-413.89325139918583,0
47723.22357446625,466.37946268967033,0.6566781018565191,0,0,41.69476337509737,30969.469577703705,0
58824.75809726865,700.7991326912544,0.4496922227911009,1,3,46.24767891237677,34415.299817228835,0
54214.87801602549,539.6633393826127,0.38049796106167166,2,4,23.875648246402115,43525.85078957003,0
40659.50720269109,434.7109407047517,0.7844739723397016,1,1,24.75161837087822,4256.707457670869,0
46878.16624464087,688.8578604530965,0.8477799327595158,1,1,41.08343298678727,6291.0264149986415,1
42604.985980117504,899.299951743279,0.6957716101563591,2,6,41.40412568500101,26926.72034252731,1
41159.52864583683,649.3929088460106,0.5170636285130048,0,8,21.560310182298835,31826.800550659773,1
62744.03145531537,733.8490774451642,0.3383468556718147,0,1,25.12689324511203,28089.52661358572,1
55355.23228947571,658.1829358547565,0.33391111868868695,0,2,33.06252699138546,30797.170071942608,1
39606.35607109019,640.1110346808857,0.6045028210531516,0,4,35.23576244430511,33768.27361965034,0
63493.99813149876,741.9076482987768,0.5836796441777368,2,4,35.519298773045314,22022.50395529233,1
54609.49281314914,620.9725455811349,0.7803197185892858,2,4,21.40676193317561,17874.500865794074,1
62192.931782584405,676.7392314071903,0.6300900185072278,2,2,35.41827770503488,6318.227920745963,1
59444.432628854185,682.1697806196014,0.19938393964803636,1,5,27.826293051295572,17018.945947842014,1
37565.07483616892,583.1909546356951,0.7103895235445837,2,5,23.336823734096704,18551.11597669104,0
41597.284397045456,749.2042349536523,0.3003878745371174,0,2,34.890039515886315,10503.154266757449,1
61209.40407684893,632.5040243304592,0.42320574560952967,1,2,33.87006370312318,19617.75798842936,1
59155.55398150197,574.4254840507156,0.5500400412503389,0,6,43.016932382559766,9376.210329205172,1
49686.47609053778,703.6509843570403,0.8991334979567929,0,7,26.390316327365447,31133.323363471696,0
51759.91074963173,560.1532018208962,1.1219837112010722,2,2,37.35170436978581,24258.2446917916,0
69164.97343682637,652.8181157369128,0.6213446118272365,2,3,19.313248115714096,15403.96311161686,1
41126.42916746255,649.0881003355796,0.4633606762559224,0,2,32.251443227874766,21888.40607826085,1
58206.460717550566,758.5895565831578,0.6069011296961101,0,6,39.63677834995656,8949.102376418501,1
46967.110213491585,697.4698232879953,0.6775310851747672,1,1,40.48021227119131,9963.072368807365,1
46734.78195159169,647.4973041254856,0.4358664748885617,2,4,40.54833795968642,13661.453617227773,1
66481.65277980786,731.7766299200287,0.8590422711824645,1,1,43.04375797250332,18080.71929590899,1
62381.245234820446,789.0207549017314,0.5460141518382804,1,1,30.5421016614754,21412.01812489024,1
62202.644540009576,705.7810306351862,0.5995486178182788,1,3,39.95725438422964,21451.563668960058,1
69582.18210731493,651.035261984338,0.6331848504108923,0,4,53.68744762541622,6812.223335026996,1
50315.05762449138,518.816376764984,0.5843173221228911,1,5,30.328673503941708,19192.71117107842,0
60229.294569424455,543.4886336924627,0.6677881000939224,1,2,48.801980158980314,11819.446794184454,0
45345.99865109816,619.4775295645333,0.37654936269061534,0,4,43.76472955541702,-14089.667374506338,1
54862.49528732663,589.0487797840717,0.3883396492107939,2,3,32.336765676571524,50755.85531522949,0
48047.85418448473,631.3028697014554,0.279969153405661,2,3,33.1712449882239,12013.492740470887,1
51454.93947489077,655.6649924897107,0.5879002461240452,1,1,36.18402359667219,12568.478458551945,1
58927.3553815537,702.9692754356731,0.6557873007024229,0,4,43.201649940316,6535.638776394082,1
37726.689751497914,642.9501221940909,0.5915545732303772,2,1,39.02634631533513,9425.070453028262,0
81385.8091352819,698.6501643826202,0.8348984866695075,1,4,30.250024027818174,18113.276850858834,1
34909.73927750447,656.447441481012,0.4988807962341907,1,1,14.17946998237872,33518.13324120028,0
31787.17080818402,452.45334336461286,0.6337483311185026,0,1,41.72173958918819,18056.5132845232,0
67371.66310250101,556.0664606181246,0.28165982477213714,1,2,15.675022749563077,16764.37690765325,0
61874.94040944404,635.5912444278384,0.4225800595051198,2,0,21.340202930499046,32002.739770213877,1
59361.79725578232,529.0305257158892,0.6391075515131555,0,1,30.97522805298321,14756.034694649166,0
59425.1826389642,709.9928729996204,0.6698204221486288,2,2,22.859214003309603,20211.493955756658,0
49816.29840729628,803.0750832343697,0.44120661046716353,2,2,38.175284278034916,10784.299347870186,1
36541.18442771253,771.8761851697317,0.4856801496283866,2,0,32.03811800382737,36851.3350095257,0
51137.068372905895,628.6557129069791,0.1964252506638381,1,3,42.852309804224554,30485.102400358464,1
39842.574327318325,799.0726136849952,0.4285941598386781,1,3,18.92282466779326,18470.126304666333,0
64626.796001266266,664.8667457202112,0.6780766327039572,2,3,28.38102283813202,16005.56718129274,1
47794.13927746792,616.2914028881961,0.6150410032213133,2,1,35.04199377329229,19681.605433632612,1
37617.54204811233,588.659733645906,0.600133144276242,0,1,35.42728130505956,18616.174213891994,1
45179.2123752051,619.7530313511871,0.509954737436192,0,6,41.940364054767215,4531.803346773266,1
56193.97181413436,611.1823181458772,0.5014126317256353,1,0,25.854114196064558,30826.674514253744,1
41544.13170794038,667.0416222375487,0.3679357721053106,1,2,30.319897149970007,17728.622197556142,1
37666.69406650353,666.0573981049864,0.6397656840405069,0,4,40.073496608803694,38983.40376046146,0
53655.30817237868,650.3046020153414,0.584194588877878,2,5,13.014392606429894,24218.157107625822,1
53674.49856663084,693.693816974635,0.5984037695985599,1,3,38.84935251892293,-5210.866501296929,1
42395.85236943305,769.0646274786342,0.3947930314664839,2,2,42.639486156949225,7183.765501509493,1
42934.425415725156,744.9554135441324,0.0693314160257511,0,2,21.663392773217602,-1460.5510671826087,1
53480.74906036454,501.51020315500966,0.7194305423507391,1,4,31.84977051714987,7059.519456811018,0
28278.734877540137,394.60788650980453,0.4042325087983192,1,4,49.92659816507147,3663.9832581061983,0
28888.043384351673,743.4319911239273,0.3274448471913759,0,1,41.59828297731148,22525.674903818406,0
39223.33668121346,513.3121301584579,0.6386957823827988,1,5,39.469722729708664,16839.146583937243,1
46798.292724322295,627.5234598107317,0.4215974720161741,0,1,44.90959315124486,27405.399180288892,1
54663.61348397007,532.988697394064,0.7119872768093244,1,4,53.04545117612503,19619.004173260386,0
72130.34325424329,469.801956241998,0.6234011899153395,0,2,35.185340698183715,17596.90931855165,0
62864.89434803029,704.1462728204788,0.6367138646400955,1,5,30.928109957779753,40032.06949269344,1
47600.922050548594,725.9155160302647,0.22680885775989312,2,2,44.88538410973932,22228.226338585024,1
49714.75688145967,592.348959927328,0.7423887970772801,2,6,33.1254686405049,19194.884824974255,1
34962.05953043287,390.895770785509,0.5522501062467712,2,2,25.719813419810567,11465.590799319569,0
49722.30296011415,595.3755551747518,0.42614457215075935,1,1,29.599337470127573,8240.864843303725,0
45670.120416197926,689.1804005402546,0.5286776934684502,1,3,38.12329582058381,27705.010183921015,1
54840.778405071345,502.10884312258713,0.144752953420336,2,4,30.50404197589119,27106.959978348594,0
37591.53584671515,668.3359919779156,0.5817305622961342,2,3,31.250247525720862,35715.78738949,0
57790.197713617585,648.4690150827005,0.2941256983635857,0,5,24.72684185354796,24789.115933028155,1
72991.08369503866,707.9291499601088,0.22946594283129312,0,4,49.35366516202812,16068.971625604543,0
48368.597773147136,661.9580368414154,0.19552816275642176,0,3,31.57373280312529,25110.10278770317,1
56025.67583148412,552.6931059118444,0.722537674997985,2,1,27.884890293847604,19196.993977960592,0
60352.159875666686,769.6571501664491,0.37414732126144223,2,3,28.948771933943867,28653.8513407377,1
43981.692921712456,634.147042697303,0.8067455419832998,2,1,43.02525974962144,33343.31826852044,1
53361.38722715625,647.2695460490069,0.39283970738954044,0,1,40.731985785031625,18314.436536162124,1
50188.88601172692,556.6732040926804,0.15852840848141064,1,4,29.981452958571275,37573.09639814739,0
51465.14147823248,605.671774880849,0.2766951120102682,2,3,35.3231303797542,31883.472676215195,1
38404.853242168,561.51972859731,0.7471623240013877,1,3,37.767044238524846,20176.84339431071,0
50367.652613884144,632.7053940076577,0.4688203644126665,1,2,27.959193074943943,26707.432750579384,1
57469.974368681746,821.1708480142344,0.3903425407018798,1,6,19.59377212610007,23054.968869801836,1
71767.15411692562,512.8098857068644,0.5320036451705575,0,3,40.15037419431245,20219.939928042935,0
64389.0623912781,488.6438602123259,0.6003565472335091,1,1,28.512658360017248,39131.450564730105,0
82297.73686267334,797.1170327493609,0.7234797631804921,2,4,39.40348350383919,25176.044609906912,1
38489.78655667926,629.0676322848134,0.7896998459785853,0,0,38.210266422475435,11590.316393689403,0
63084.80955081017,583.0927261340083,0.42804627084218283,2,5,35.557923012555115,9720.303230713913,0
52750.130086075274,753.9904687396076,0.23479046278359234,2,5,30.738728512103314,10129.030795477725,1
82847.04399826509,589.4384460263136,0.4173069677753448,0,1,28.66071777484181,24895.045009181733,0
37875.525719672725,832.6009713546937,0.5520561013165772,2,1,23.61582594963776,16584.863276809425,0
37404.17236728836,717.7925871339269,0.3072482147578778,2,2,28.85252045610911,23332.937166127776,0
41009.11031833967,601.2088591854297,0.3085698170209914,0,4,40.68815011550188,29363.962849613727,1
18141.564135352895,865.7308213265503,0.568757576309977,2,3,48.97825742123994,40287.13530432289,0
42113.674674788585,589.4285076996662,0.49026952968590976,1,4,47.510993422423184,16815.26766311643,0
38613.01007669453,724.2095372009308,0.5065593990823173,2,4,36.4542301617488,5914.493926667697,0
52255.906797143114,679.9292580406492,0.3483009330599861,1,3,48.97294060681637,37924.02065330726,0
55126.339636657394,780.1741289398798,0.45391985715884653,2,1,31.9318237213922,5428.991776809287,1
78142.56258823829,806.1511196726852,0.3151533711463391,0,3,22.089533174849294,5035.71292544208,1
64256.35757279075,653.2004149065766,0.6780396822249574,0,2,54.208744192102756,37664.50259966898,1
41346.44516506395,574.6582129653816,0.7070498669447505,2,3,40.328082864567705,30662.315277374793,1
36523.77992977463,695.9972142939116,0.1307624275523812,0,4,19.653692494600797,24848.403412261818,0
57378.78757259758,582.2284630247893,0.314097827961518,2,4,50.59048578637362,19500.79002546526,0
30196.501894690366,851.3387247526623,0.20069414898198418,0,4,27.56577514891216,17607.95982604746,0
77471.8814878153,663.6535331082738,0.3699952131186204,1,0,29.74117742274867,13491.739750056613,1
67691.60181081931,613.4678448687891,0.4833124060419278,2,0,45.21383139083205,17169.56825724584,1
42962.365218429426,668.4680305864908,0.21007095606029397,1,7,48.61707113656695,19525.846189692777,1
24302.98206363684,515.2873710470303,0.3156280373749374,1,3,24.992609715587367,6255.5010806057835,0
70308.0856124812,552.8385961489348,0.29920852558370026,2,4,49.709907620267785,11797.71484027544,1
48281.902321210735,770.0413907944426,0.5414534658797888,1,4,43.74236796409441,-1119.1824886419563,1
68567.24467960192,584.3105721028604,0.5138688674072501,2,3,27.00251188061359,20779.274521003135,0
26083.585118084495,545.308901731806,0.35565248933254934,1,5,32.54093735716496,20781.012010843267,0
41009.374655693406,703.6652752527286,0.5353641744278796,2,1,50.16135896573557,37785.154362651796,1
50078.65549577275,768.5704154662997,0.3906639830825469,2,4,19.394383973917066,23755.54922032559,1
50704.70890647113,721.8953310665066,0.4456689779347893,0,1,48.80714375892219,14439.579330846218,1
43249.01792781134,749.6047685805817,0.8346904180597075,2,4,43.46407127836525,17996.44998300267,1
59342.748985212485,574.3204911430539,0.7680922103580696,2,4,40.091407622706996,24868.223125111017,0
33985.69355926108,507.81893332581564,0.24008375261448045,1,1,36.31695688571007,22276.126265450017,0
47864.3077246806,800.1333651955487,0.6659464835758349,2,2,54.70137982462478,25782.859192115982,1
51804.434475678485,617.7320161157865,0.6622793108983185,0,3,56.17923600704903,23770.447735379348,1
57716.582510881235,624.9166983544952,0.2703473422494763,1,2,28.847702499823455,17473.557348099992,1
60674.223171333346,782.8194141849058,0.6637555287509721,1,4,41.12204787231667,14642.067089270004,1
33130.36862243196,705.623000940066,0.8075863836825106,0,2,53.74376497177832,14104.37796040034,0
26988.287438965664,695.5887772081608,0.27549103875111725,1,8,27.149554189999897,10747.287153779413,0
69165.15232847763,866.5002344901084,0.31649943579714723,1,4,37.43139574311877,9178.807162254745,1
54984.71017969387,585.6481769619857,0.7035322933687005,1,4,45.03875442282491,38384.639308624755,0
38772.701951651696,742.7840128081237,0.5542990621651296,1,1,14.851065950589309,21247.101516460556,0
73267.27963283785,655.7013124897085,0.6102952550479046,0,3,43.28555228697889,18446.985488916656,1
51735.11951439288,676.8592278863257,0.5681178432800994,0,3,24.115679765896022,15041.156838270937,1
67689.45776095739,802.8468426412531,0.5781391841856288,1,3,36.92331364955668,24288.79109330933,1
51012.777221151635,700.7835756289624,0.23470557433778338,1,7,46.44344850891818,32036.63886056073,1
80911.21887322981,703.8296079049633,0.7094635413242897,0,3,11.10819304060071,27232.6447625574,1
76330.11263664806,757.2507337309802,0.7339179984855547,0,2,42.85858887743896,29215.890873115102,1
46265.5377728139,613.5047270457114,0.4541218511863945,0,1,55.38328984630831,14134.712178160213,1
64573.56426431533,566.0790332660994,0.49130461003722753,1,3,29.66699000334136,19958.707582166204,0
59680.639243777216,545.5190805978966,0.19377849948885556,1,3,40.76690146784124,14266.218881410405,0
70529.47336298523,453.36434106239983,0.602850951203567,2,0,48.35286330699388,21070.313988032423,0
35526.14809129843,855.6207129940321,0.6144114883428289,0,3,19.07054951790026,32725.910080582107,0
60290.77189997659,539.6791634278317,0.4875617966001378,1,5,42.57369758533753,24394.038449038417,0
65876.36730274382,627.8746376414229,0.7248706719741005,0,4,45.23766232597781,36267.143659960515,1
23618.907703653287,622.3186700111079,0.4331845538040119,1,4,41.386202199367666,17114.76389549858,0
32251.122310013372,680.74066978091,0.6129211851787201,0,5,35.86622692205122,11930.38945982953,1
19411.51733359849,731.5737212539296,0.2960671322615769,1,2,24.995872181938736,25121.28486694279,0
45958.89748333163,736.0473488359745,0.4952895698251524,2,3,48.914233535362435,21188.58363222819,1
60763.133836939436,591.6922561431062,0.4651291484194328,2,3,35.345035652316575,23227.022531646675,0
72535.35578144042,633.2878286213588,0.5450615844081883,0,4,25.961195873764044,21732.20162966498,1
51111.42170629663,678.2579950488299,0.4260946142333283,1,1,31.81974169585431,15155.656266485239,0
74429.23318356938,625.1308873816453,0.47370548086566644,1,2,38.68385491334677,21957.360477699996,1
29298.47812677663,810.7345576019993,0.6652094342883013,0,3,19.388150431157896,29733.705358291707,0
24449.26340967268,699.0974951638251,0.4126471525523565,1,2,35.17930352584118,30761.077079019546,0
49166.78451655072,723.4877786049817,0.1786845798522641,0,3,30.831227829420108,15104.834008146281,0
55760.98173408961,716.2881268667413,0.8499167808410841,1,5,48.36026481365989,22310.059317304847,1
49509.578778588606,767.3473857485325,0.7762908157380973,0,1,16.25109402712271,34771.11082881587,1
18988.36849940185,668.1021558703707,0.24154746097887625,1,1,44.38757642502484,15321.092509404756,0
48663.19940730817,520.3168052044153,0.6379415610490389,0,1,49.17094825602515,13505.536005674483,0
30432.957492427202,689.9687951752642,0.39940504588973136,1,1,16.629113628521374,27944.029639688706,0
60045.08823245058,584.8643106208172,0.5526974430662119,2,1,17.828175141929247,26189.59206980479,0
55498.973691452724,597.1383318250244,0.5588448258026988,1,1,52.85900046566479,11630.239182678888,0
35901.80320508967,708.6364018755094,0.4531184399367356,0,3,25.95627951397067,6005.3940304248845,0
42291.9962399496,773.8283071433635,0.34324686688272066,2,2,65.9482912048845,22115.56102296347,1
34111.79717166573,652.1271576736061,0.3618917895367481,1,5,16.941599644798337,15814.029021350736,0
49059.813540902425,680.8833012598964,0.3167616169037515,2,5,36.700474049871204,3159.237453715865,1
64327.134807518574,820.2214944635238,0.333635558353911,1,2,34.76606262747283,13127.974761515354,1
35214.10930496684,674.0753179488569,0.48656434199012893,2,2,32.91804232435043,26026.09815034575,0
57560.697732767665,910.1683114180395,0.3568480021778496,0,4,39.62962360705782,18485.892890890053,1
42046.13572441339,706.5509645631544,0.636410413142524,1,0,40.206464247290675,35661.04045018661,1
38106.907516064835,473.92372408441827,0.7974492310671855,1,2,33.32341017370896,-872.3741041873946,0
48394.544600681635,725.3341621104532,0.3839893517259914,0,3,24.858260561727295,33379.92371487149,1
34471.365163709386,688.1158384882777,0.5478809001070755,2,3,45.4776036424138,16560.966202338113,0
41695.26041979227,778.9752754082746,0.5999370220605867,0,3,41.28052663082836,15115.786640436198,1
32031.831611167272,717.3181351269958,0.5944004541838549,0,1,36.145836906160746,4488.061633517471,0
79470.87699374584,636.1544016016226,0.5151910535832175,2,3,40.963674824173594,24650.81849142759,1
50528.95327957593,527.5701763710634,0.6485364836719445,0,1,42.689414500911305,1732.3800600642608,1
39504.117380111216,629.0976742713975,0.5964497905361315,1,2,27.3826795651868,28179.036445979174,0
53209.69866101333,564.94795457907,0.2524675155345404,1,2,40.60680373481806,4866.359349582388,0
48315.07925463755,591.9476550195277,0.6738312128778546,1,1,29.469642744816575,6442.940397630895,0
46685.45600700165,708.8578404420609,0.6774581674533484,0,6,43.020333565868,8087.853833173182,1
59212.50050065138,816.9904504351406,0.3473427791642837,1,2,33.07600413576769,12840.500326065026,1
61362.61565070957,689.4671529822981,0.5075875670895204,1,7,41.1171957368172,29420.759410995008,1
42042.48278584209,530.4116937964816,0.636665798562214,1,8,30.66204700290477,35039.56533621655,0
41362.7263903298,694.4602668220141,0.4581372360841277,1,2,41.63702435937673,13874.064510599728,1
45874.22454272534,769.6631486645651,0.7145956095532023,1,2,25.212307708839916,19534.368986939342,1
15471.18252896623,589.0217095680617,0.9727744989238722,1,6,35.361688798634624,24899.17309072511,0
27272.134067021718,636.5982833327082,0.3428027934730035,0,3,44.80632515109934,16706.876362660947,0
70503.11401166787,651.4688194729197,0.22379107936924503,1,1,39.67204657245925,24507.576272929964,0
74674.51570251926,571.510168691776,0.5607637191209751,1,3,36.920287334492116,19959.205284959688,0
46264.45940665432,714.8280433843859,0.6443125010252287,2,0,53.03561339650639,17465.401212434685,1
58648.35444583649,637.9051851392219,0.4538267252310462,0,6,45.236368684889214,5801.843050979025,1
54668.75231815304,691.9532443907028,0.7906521326642069,0,2,43.55539949253127,21490.4319792467,1
96183.21212682856,561.2507822197899,0.2322788400553502,0,1,41.58027778916505,29583.757046480576,0
66793.62367151865,606.254169967659,0.6385837246063222,0,3,42.826968722466646,12217.221522597172,1
48081.2361277885,722.2381357827771,0.37882783584822133,1,3,51.57102010552164,317.29365810670424,1
35666.89339099362,612.7166847908233,0.8438755812414593,1,5,30.82331312279005,16804.493577046964,0
25903.30519613641,822.6963851233405,0.8985030706336237,2,1,45.094039652752414,35097.706448075194,0
53051.954538008344,610.0363814385398,0.3466686824433304,2,2,38.56487888774776,32119.499354877502,1
38654.73882073545,672.4684725751886,0.39008857281828396,0,3,31.168824628660065,14195.377942174142,0
28666.19435603489,743.259083187309,0.6719175773959604,2,6,34.0027489695872,24555.150049898566,1
40301.4067363621,508.16342670669684,0.42257387004209707,2,2,37.19154681546343,26135.459131505668,0
33776.779945784074,473.9191188019224,0.49091775641355234,0,3,26.400599323305777,34903.38121489666,0
75307.12452608848,497.4343685429905,0.5050776841084821,0,4,43.64012775500447,4494.177037994947,1
63224.59635424176,776.2584103427182,0.11606536876046869,2,5,33.97148575910961,9311.717693703555,1
49880.41038025074,594.8141854107553,0.4972324507811525,1,1,35.84929162242673,-97.55361236653698,0
72199.16208335038,905.8199285668252,0.36205444518716523,2,4,48.57202549927807,13215.908016551279,1
51160.524614714275,593.5752401342611,0.4013754355200456,2,4,36.29748205226802,30663.05567468835,1
37080.73698007604,668.4551303197037,0.7887264006937629,1,1,50.52668444421105,14402.808400443191,0
72846.86115904486,804.2109952567876,0.2486986211441487,1,6,29.75185491104856,6918.110701796937,1
58083.65065526988,850.6092888159124,0.6626410373495955,0,5,24.02930161205349,22266.364174820985,1
34441.30768510315,856.1503576636399,0.4442074139336383,0,5,32.10006853055117,22523.688367873547,0
47144.91982874588,770.8366230593142,0.4440479663008331,2,6,6.852853005081869,9829.505470486656,0
36865.726199228644,752.4062525811462,0.6580743792103423,1,3,44.057617524709435,14939.540928152,0
29258.00403553496,709.2526949201183,0.5680102589137781,0,1,24.61101458712505,21505.76520645626,0
63892.66321297462,727.8361076166638,0.6141225994439062,2,1,28.823045785537303,27459.86496691789,1
78641.24960705196,594.8814283671467,0.6936369321065723,1,6,42.16278561620927,13511.275465109476,0
29021.486392712883,568.1801116577693,0.43373832336333545,2,2,36.19121097917891,12070.236532893254,0
58444.538550358564,649.6625542589048,0.37755265309844993,0,4,30.594545419198795,39125.546894319414,0
40240.361463172594,632.9815377475071,0.28296989468844036,0,3,14.634576274782308,17259.737692552222,1
42693.11924352956,604.6771950672725,0.33491789400420896,1,7,48.00808029897194,22494.343042140543,1
41114.09113641696,719.6387447456715,1.089818885061745,2,2,42.230800334764645,26483.649563956296,1
37040.138454802756,745.5305208570511,0.7489359161473573,1,4,55.55721329698251,2131.1396485207915,0
50727.82441917241,658.8406886291847,0.22978512675839574,0,0,29.036201640095932,19814.730383014943,0
37535.748253834434,797.7530081055262,0.23550840865128597,0,1,20.455497356219922,3542.8371532633682,0
54056.85238669758,535.8310885866495,0.5963732123436983,2,2,44.947552852644236,18692.22551232598,0
49246.42835826294,630.6340540720282,0.6094529594755934,2,7,33.119400825996486,33731.23901836488,1
46415.77929700386,578.3177679397195,0.6097767670634728,2,5,41.28169859068956,10015.31673278056,0
36386.545069376036,463.346338292694,0.44900884128926044,1,3,51.19915287326556,3335.8081025217652,0
41348.43004147501,641.7319314157301,0.47490914799941997,2,7,38.88153096464177,38876.85776866593,1
61330.86838738634,637.8252491616716,0.5655759048318715,2,2,36.67298900545533,8529.42824597828,0
57513.75781436571,801.3449743242131,0.5171786012586661,0,3,37.3000278630559,5014.210027730094,1
35336.67132802174,713.0811684554777,0.056139925450492956,0,1,18.627518140353352,36190.31569390179,0
51489.98458143839,547.5813175670795,0.45404007388496126,2,3,46.08038209483047,8135.300782028455,0
61270.80685057683,835.4092566334189,0.32971871314793727,2,3,46.72086162249162,36449.14209728624,1
24958.920783179423,772.1033695525352,0.5350422837817024,0,4,40.30570024962524,22740.908281706543,0
58150.402885699026,708.2097703468615,1.0970518005206822,2,3,19.845953650691683,32839.57076673437,1
40060.643615812296,627.3515901150168,0.5734963330948609,1,4,33.788511748629865,21860.66336095251,1
58558.98002889739,554.056076327652,0.4372940627655204,1,2,49.38525775392854,30797.023647287573,0
38551.11265186225,612.7793223928948,0.6843603003954505,1,4,29.34246337026532,10815.511774192328,0
22926.768490032213,758.8748619704186,0.5965375774418425,2,6,46.8425305191366,13863.972359766662,1
25586.86343175256,838.4586305934608,0.5840188980903682,0,3,35.55096492656854,-1155.1147109465383,0
50721.27419992073,804.324352827219,0.6213701186431342,2,4,42.125038395159606,29717.81477757851,1
53895.83752582223,601.1150578213726,0.9113087129659083,2,1,30.878585871752172,24195.6934331535,1
36435.25062343387,538.0382566710989,0.27382231293481685,0,6,35.843808816456665,9926.75374670578,0
59578.88688166061,664.0886246911203,0.5947264153622909,0,4,39.36715248168878,2510.9795168208184,1
25077.1990659656,473.15606344371486,0.31472377400369234,0,2,24.167660261058156,22818.131486251434,0
49008.80302029025,682.3167714184782,0.6111025292684497,1,0,37.739131289790116,36759.5453477219,1
31834.75700356315,635.2397413701332,0.31626269770278115,2,2,8.11474700203139,18620.390774176765,0
40222.45838296761,603.3963498131758,0.4165266372789831,0,4,28.984982131782274,13415.539614782832,1
50710.98006974621,490.52969327332045,0.44098201715241875,2,3,40.43883014363779,10629.25719852032,0
37093.799520740715,701.3600106569717,0.6951633438689419,1,4,46.202629205505616,32493.487077663223,0
44231.66683655262,596.7299160338089,0.6836908887884827,1,4,39.727521417992286,12207.521755897253,0
65094.39213821661,533.0083164289712,0.25085652471072306,0,6,21.096832261690324,16288.20899982318,0
41346.62195715277,362.7737786718351,0.5109868221999697,0,3,45.32858128865581,30417.349079187792,0
62535.38168097712,647.2485094949363,0.35808402905016545,2,2,23.60850268477266,26374.81604836317,1
33054.397180135726,827.2251596669744,0.24829901786493308,0,5,41.14198551424351,16670.90670013321,0
57947.06266872924,816.125921454787,0.4565965899151259,2,5,23.94166255407142,13010.230587506547,1
71623.5293098685,604.2903743413729,0.43830344230883606,0,4,27.26793795637843,34655.78289745381,1
12925.332498090662,589.778793963822,0.9853432972691045,2,2,25.436508640695177,8836.303248940183,0
38046.57116794285,696.8774256075023,0.5865919650721392,2,1,36.389585892817195,17897.14814872616,0
58656.081907708096,550.1614560811709,0.22447649984915252,2,5,33.044654863754346,4941.2351265769885,0
46954.31920935511,680.1791899819466,0.38704519916581154,2,6,40.08909437630692,31888.67177937035,1
55567.188100569634,726.6080278384691,0.7042766590858797,1,1,34.813651613268924,15251.14124116994,1
40940.22219926269,772.6933223884307,0.917688554573985,2,6,19.82126546412961,13003.742012843442,1
51298.8468120935,639.9845923520047,0.1828033375524083,0,3,37.75812468097975,26616.624653847273,1
47664.84146911881,629.6326249823035,0.12401512297219097,1,4,17.378343495671306,5744.846286978596,1
67516.73092489711,562.2017413243439,0.8741930350743565,1,3,26.16146006950997,26353.813812188408,0
53816.31264951819,567.311964596014,0.5779228354741808,2,3,31.360866679209984,16394.57207932494,0
55064.039931128034,627.3521108098473,0.32634145362472666,1,4,30.667965928103555,7947.007852198056,1
43821.84550816299,686.7365506816178,0.6069258172244871,2,1,18.525873394939744,10097.370297381813,1
42685.906638912595,741.358462623325,-0.02714954780337553,0,5,48.71159553538192,13157.999004382626,1
43511.627182705684,569.6821049319656,0.5006751013194322,2,2,51.480027900566995,15559.563245362617,0
55916.78213567445,799.2688568959522,0.565564234568617,1,4,57.50775104308949,8014.739261587863,1
43685.232787696055,622.8876398957432,0.684854027907566,0,5,46.476514174896565,22945.15989568046,1
54346.62285344619,647.8632705651564,0.29722080954149244,2,3,31.045534612097264,7752.780160443315,1
81131.01197968159,575.2788320852177,0.5171374322806718,0,3,30.87320479051425,-3651.224531382886,0
63066.87055147538,407.5759739727058,0.31491507478808256,0,4,30.32106163826775,39196.196287975225,0
45109.647017482384,738.404539636105,0.5510767511348634,1,2,54.85637686225776,21979.27549098967,1
68018.20883245918,723.6843897092433,0.32093073552739515,0,4,33.84458531034839,40094.91591645575,1
43878.86940467673,621.8672442881787,0.4183798321679559,1,0,47.69232906920227,9563.406499729499,1
19428.13197233219,656.6990717224872,0.30083692104195414,0,0,46.91434977719439,24797.94714287998,0
34878.70533623894,701.5939217704099,0.6302272483647314,2,4,36.895478560808705,28946.086988632604,0
21938.121184612166,493.7454143113457,0.6716902233313331,0,2,20.48359156270495,18106.537418267442,0
44727.297739380374,597.0947322653706,0.4530758860085172,2,2,34.06081361349084,5555.500244213192,0
50276.27568784328,729.4264679621828,0.5076475989920056,2,1,36.46966276212952,17355.188657777053,1
75146.55968412924,524.5710576830751,0.21028171707329119,0,2,47.77921289902985,26263.969330962394,1
54903.910606462436,679.355793216663,0.4400646703986426,2,5,35.19457912100292,25882.204499006984,1
46713.49206786704,514.3418195376595,0.48995907659165105,0,2,22.91394436375194,19983.71387541943,1
62441.083717752335,696.6429982433526,1.0241586182059952,0,3,44.879099977317054,28972.87943171746,1
16832.970364881723,646.4358517702516,0.27760659484516725,2,0,32.724586775025124,28500.861214923534,0
53534.21837162849,488.48681840944903,0.7928354477504875,2,2,9.547504503634634,14763.323999404965,0
61562.9779083045,766.4739354457172,0.6993717546931616,1,3,38.24984574576745,4795.803451417929,1
27821.206313302377,576.5408423201951,0.5561272808980273,2,4,40.007712941202094,21904.339080107886,0
67156.31064810394,568.9747562985619,0.8517240968390267,1,6,26.570618071342118,12533.624339795933,0
55077.44611241621,670.0569197230943,0.5744210945213726,2,4,33.07954199376911,21437.486008992902,1
43770.681291487985,764.8637349428715,0.5778318391335857,0,3,41.577170259739496,33455.29853551899,1
59491.72799159427,548.4178181021603,0.4893758693964909,2,2,38.31784801202283,24374.920158710975,0
84060.39286706594,656.1679849847972,0.7447137764837255,0,5,19.37343049885001,32962.55709221729,1
52727.99382587743,692.8816500330573,0.7192938467621768,0,3,47.53550166497368,9885.201989834295,1
53723.30879450504,719.3105607263144,0.3748645425007575,0,3,52.0633061953865,30874.55738680692,1
43109.58650689634,667.6441555277225,0.2361505610802465,1,2,29.898161139681573,36765.97931651666,1
37252.33445802813,613.2972160916678,0.45940387252086856,2,3,15.901284270774134,20643.220067080256,1
62455.03724816369,567.2409779351281,0.3399922871204707,0,6,42.71112806802951,43220.53393697689,0
37158.74261136699,658.6143883046375,0.487295085076929,0,1,28.269075608219065,11425.687882713948,0
51073.49355829089,542.7860988014393,0.7474876269368278,1,2,40.3544879508525,13611.661302405482,0
42835.13829852325,357.86495165053924,0.408539668982642,2,2,57.021704665670384,26499.355504284686,0
57184.697386195876,693.6559804157667,0.491435323737685,2,2,19.536924208111486,20544.655448301888,1
55004.931579304226,740.3934841086195,0.511604546961679,1,7,27.03379120187676,12570.926672187717,1
65563.0991638685,413.70675644581615,0.6696861764410569,1,1,33.05520406451551,26191.04076615768,0
42349.75401717879,549.0269295290062,0.050622133203078956,2,3,47.916783613589416,23555.415133323935,0
45951.87597059943,711.9154261005198,0.3786599410469407,1,8,70.55617129553275,14137.233234677511,0
35318.54426326539,855.7495469711698,0.5422567384558945,2,1,37.47085187099628,21890.51626044373,0
43335.60109885833,652.0793707675408,0.7400157912853722,2,2,18.677772592754806,27590.25520630926,1
55659.50739567279,577.1997058770866,0.401619510498759,0,4,31.54478625748777,13915.41213501488,0
61354.829249680275,631.710355889516,0.12468945879162519,0,1,27.251365137620155,25169.958096408875,1
36167.52013733562,787.4876419148185,0.6239422891932273,2,4,42.215854776857896,11329.567724786528,0
63044.088801584905,585.4035820875465,0.37292752223487413,2,4,38.76884703298933,13261.75619025153,0
70334.56788207426,570.0807993349747,0.2620666681819277,2,4,24.58186631995402,31115.873132202774,1
56201.523548355515,601.7256477817967,0.3751309220573552,2,2,26.66514575752869,26137.46293106431,1
78151.937188371,554.6671391741288,0.4630949284688301,2,5,31.399427774256615,1131.6249189227638,0
38393.1620134464,662.2670315994795,0.3790510670923575,2,3,32.606416899372505,16257.75374957466,0
31330.179450328746,812.467845846956,0.058886788580186145,1,3,34.57811083830422,24896.967745931594,0
23319.19626643582,682.307927311603,0.6794132393774265,2,3,35.48873215194416,21388.656171883384,0
72440.66467233775,624.7646497873712,0.7549750082557445,1,2,47.348505377345376,26182.042451839523,1
59815.484845310864,620.8188731084456,0.6303043982679012,1,3,31.037889879785595,21159.816597822966,1
49166.229936343174,493.6809191303343,0.27246286591503666,2,0,29.564331597534167,18674.02326520667,0
54199.529394797304,738.3109777147159,0.4597016932104964,2,1,21.612259791101174,18368.378641627583,0
33117.66429052435,642.2162802987198,0.4986957369541084,1,1,32.76140767382475,30911.793135945358,0
86686.27969425239,631.9520086409375,0.619758877912382,1,3,37.56196246193049,26949.395864306232,1
51938.31772962841,969.3107567844861,0.6336680977436162,2,5,17.75903638406821,24047.43803745462,1
51640.92191907339,679.8752908365686,0.35316524024430085,2,1,31.575714066054275,20888.330989007776,1
60886.49935848038,574.8208949904815,0.5163991112827121,1,7,46.60294129920044,14511.813086197815,0
57215.1384760507,607.3642403794456,0.5914560809230482,1,3,41.483060427012106,16932.46335838461,1
53358.26036418697,764.8445709196754,0.7911644644293534,1,2,38.73433172760792,30646.711244368773,1
38142.88316832032,661.3270410537765,0.6409013079649446,0,6,41.21212298974505,29705.024945362165,0
57072.025357039936,506.1722021682633,0.6578113374751038,1,5,29.262957301103754,13514.275703045665,0
78230.3674471255,741.9228934575203,0.5167653255858722,0,4,27.93080214094038,20999.198477249007,1
70181.30069232467,583.1855914461006,0.7820918290407008,2,3,47.71908780738157,24984.67322614065,0
73897.79939959096,837.3297776217546,0.5819525591918995,2,1,43.28639379424876,24331.844114066636,1
42331.76485353222,758.0048065714649,0.3277824179652859,1,4,27.53726978368896,24254.826830634316,1
35155.92769612129,605.2678104341248,0.7806739940250382,2,1,16.212760403220138,8879.251816232641,0
48113.19619850528,778.1016361735112,0.6395806545078055,2,1,27.744844515196828,8285.159114521895,1
50835.87368433042,656.7855510527403,0.41139119577430355,2,5,40.435342274659135,31701.94743361313,1
66412.87277706423,735.277367512222,0.4041014065201513,2,2,28.417398572767702,35090.25198891854,1
24613.03055427771,698.4732817294475,0.5593151090281524,0,4,38.30067810800516,5184.788609565432,0
72943.2547919092,565.3643345009126,0.592636959053517,0,6,49.197705538988984,19722.398633553366,0
47629.88152131516,585.6450167682538,0.5394584531262413,1,3,34.069729222069256,28140.507973333224,0
43596.7839507887,752.9960817581161,0.562261734688577,1,1,37.339601529848785,-2037.7850375974485,1
34818.434371097486,616.5224667893459,0.8399914749152761,1,3,41.84903856499566,9266.621419209552,0
25177.14992201346,609.6351536758003,0.7143086304469771,2,2,24.179157416724642,19078.029778728698,0
62347.55875942872,554.4877420650647,0.5381271182530049,2,4,27.269507749879487,14027.61343941784,0
51099.76950782606,692.3599065593461,0.6882621161534966,0,2,42.26161159903547,22091.435011455487,1
30650.58650388419,856.2524919243144,0.29349521929449207,0,5,35.369675205491085,34704.82027683688,0
30573.818419045758,543.2467085745727,0.5795854099893618,1,3,36.21758610309429,11472.023724867668,0
44963.229510648074,652.4219456672758,0.861861269946622,0,4,35.3328582785735,20502.728913153747,1
75035.32287934089,791.2220555415429,0.4563908209215252,0,3,44.78293968961958,16552.03877005817,1
46106.12972954593,642.0358608754285,0.33047321427618304,0,3,39.357126404496746,21363.65308073139,1
27452.855703228408,695.2371796249734,0.3695822222813878,0,0,39.488200910708116,20058.00119116094,0
46313.85403871084,543.760647185312,0.2820733925315223,0,3,47.22198157555773,46371.981991325425,0
45909.146453784946,692.8307097207648,0.3430476183744593,1,0,51.06573858074689,34895.77458847579,1
9546.700355876426,631.2855734995451,0.4258983802819942,1,3,57.43591723768047,4190.644793627682,0
49185.577002232814,748.5729995679862,0.21888659616427159,0,5,29.209863051847268,10998.652370274915,1
46535.98204686983,768.7386051564752,0.5031236667899206,1,2,59.694074140086244,12221.42741791386,1
60443.095472201276,908.9563642018613,0.6804554347573295,2,0,24.03227056544817,7657.2451587219875,0
77734.34142418018,707.9633173213575,0.31844876397061594,0,5,54.35247403043126,6316.370192108654,1
66898.47544321636,682.5796316582166,0.8038567847283538,2,3,28.66040141308624,18216.33575305218,1
45966.669641677545,669.4384301577336,0.6021584177055189,1,2,34.31060203795247,12603.124359883588,1
33402.11136887495,614.6833707189312,0.7061161171248115,1,3,35.185759451629735,11092.063335340354,0
88600.3970487479,683.8483843461692,0.3684330892295726,2,2,26.330292501719818,40204.73977092796,1
50888.27651021732,620.4598589860971,0.6709050454133232,1,3,35.86718666755961,13291.223792403194,1
50208.939378694195,666.8460976269614,0.28161321992093735,0,4,26.84661890162358,15568.32272186799,1
49638.12369334995,781.759753560796,0.6780495001673017,2,1,22.650565713293002,27414.56486992615,1
52971.271411517824,549.3457434720359,0.5343678679587063,0,3,34.61276366973766,15534.715279255866,0
47834.593821140865,763.9878561129045,0.6106502439969568,2,2,50.89876890242934,8343.264895482971,0
41395.069896796456,781.7115067339865,0.26488107887502965,1,2,32.45980260983024,17420.602961482695,1
41797.115881394115,638.1931473008922,0.3209860315446791,2,0,44.41020915374216,40087.33422896103,1
49508.70094676002,437.81451009914053,0.619445643650677,2,3,26.543337072841812,15185.579097350756,0
41848.62843299352,589.2178012905567,0.3103303991551598,0,3,22.165239293654665,10882.332641701501,0
39307.313259842536,779.6994546561109,0.5926412584198246,1,2,39.5386015695536,24202.303308490213,1
51596.453415378455,647.7131937701118,0.22657243870795085,0,1,52.55612385101446,16940.85512340029,1
46175.34173868717,550.069776770509,0.6696348425333336,1,3,37.08954452133154,47389.941276730446,0
72559.89482874033,599.5225078771782,0.2534953370462982,0,4,43.26647446537073,12131.030482733995,0
10235.45287410482,734.0620026504553,0.6104599875359047,2,4,49.95124410196477,37337.3072021005,0
66372.60277883692,704.6733568201379,0.6251261867292002,0,5,34.63469650317856,31633.89549889045,0
68691.27788746444,626.1067900830305,0.36064563631408497,1,5,33.4793671833875,16186.546968781062,1
18899.146513877757,613.3175588185312,0.6164053134169454,1,2,39.72088350630632,19964.84705343603,0
44859.68608879477,610.8241850956178,0.5520884526667111,2,3,41.500191061181695,9701.20141455488,1
44428.38701006313,557.7589815501498,0.39223162876145234,1,3,21.0102491131679,14615.584703769877,0
28887.32457923268,811.5375689469442,0.29828906318475834,0,2,37.9572562627075,16115.541703976654,0
38332.74968613687,617.767953078866,0.10747486166548414,2,2,34.99318590556805,21578.535310104562,0
33341.36231801257,771.7158520825496,0.5699300094599388,1,4,27.10481160889687,5873.198740259373,0
76284.05665135435,802.1316051922452,0.18703944572758896,1,1,34.30189609822313,23114.84670336292,1
64035.17589721191,749.8310898147961,0.5190688398882617,0,6,23.346751681372748,18541.315787033516,1
69073.32642491237,606.8379687281952,0.4473103567835502,0,1,19.890722701263158,23981.078010128324,1
60825.08096064853,690.373009033661,0.6358285550876391,2,4,35.668482496410284,25473.066422443586,1
33064.22343174156,647.5804393609084,0.43959090010202717,1,2,44.02077023395576,17740.64556144215,0
42132.196005803395,559.6298139269871,0.43411044273058175,0,4,31.52709261846642,24881.977768912864,0
57340.61841841877,682.4359281721603,0.6463741408576591,2,3,25.392707361923243,19128.238385740686,1
31668.082866620818,532.0960208840197,0.5670116058168235,1,5,26.947012144120002,27434.729894280656,0
60694.97645258582,768.7679388461563,0.5632311914365556,1,5,40.48944517766553,23161.25816359724,1
46395.119027627974,603.5382702701606,0.5938535179617053,2,1,51.67385217942598,21810.415011460416,1
44377.68788675604,670.1159655872839,0.1928855753585788,2,4,42.704561914272965,18975.54023865934,1
60664.39952305237,678.3287871546142,0.6513577359973964,0,2,48.00791899248557,32958.15912950013,1
56663.9496722906,624.1095026295923,0.6224937588027205,1,3,24.52376302229831,24051.85229295023,1
44585.507512713804,708.6693801475275,0.2966633742847006,1,1,34.260700832651956,6785.375270014012,1
67389.94705046373,602.5096343377476,0.4511839052651597,1,4,45.18690850424407,15280.492307361192,1
33784.05008600154,737.1297297457244,0.49213854247447375,2,3,21.008224187727677,17714.15191673164,0
59239.034104163955,515.4020319753251,0.47310064311965344,0,4,28.416267863735882,19988.768396941938,0
58896.51886952575,662.6379579546411,0.566771993313707,1,4,44.42019157041533,21767.07351226507,1
45356.803410290144,843.8928999058285,0.7862733563662367,2,4,37.58425770788349,10557.832857231886,0
54891.99533363177,549.9668675394425,0.7163533455345658,1,3,25.348890677173166,19320.02139585075,0
31233.296354220456,582.2255029475149,0.23755616131371876,0,1,18.691785927930898,16858.786527451302,0
63860.40528810352,701.3907849658915,0.6244139980612098,1,5,48.37315181365006,30847.442427539598,0
47226.46795335517,667.9581781939598,0.7657866639070819,0,5,14.466156164590785,10049.216906787238,1
42159.154692214404,685.0630099273559,0.5773617041378405,0,4,41.323951789703045,19826.21399991834,1
65735.13838755334,698.9187130147664,0.7181960850371933,1,5,29.66955564613303,13146.148876595398,1
39434.84464185861,713.472146856177,0.9024540891401531,1,3,45.47068316363351,38629.95915519793,0
28873.080554546606,760.9699841956224,0.7047419092213962,0,2,24.578517001910967,32566.13602653481,0
26650.562397141442,690.9818656928512,0.5498617191283458,2,5,61.14798935361769,3576.420846094021,0
59090.14927018459,625.8742345381457,0.7090176948169506,0,6,39.02298855688382,12037.863149142622,1
30793.559712555754,717.2573701202731,0.5289775666193782,1,3,40.67069218785589,28709.232920677197,0
76321.91272976546,839.9881934895216,0.5047806086569911,1,0,27.26952813223157,24572.830480432014,1
18771.058881744168,636.7366253617427,0.4297171528572535,2,3,33.666196658011735,24259.31782646314,0
75446.84552435057,552.5470695329359,0.8126826717664217,0,1,33.9255092724382,21908.527057595897,0
53165.26200803927,760.7080669286972,0.3363142668115997,0,0,52.960683292516826,29511.998850679138,1
48549.30332194411,637.9618836046402,0.8064735449356233,0,1,39.005767714277866,27809.76604397459,1
41826.21369786575,432.73304539859635,0.5999728247480742,1,4,40.43829706403238,17094.438602804996,0
55987.04171528106,734.7421677150421,0.22013876503961166,0,2,40.32648876481864,8007.415000730731,1
49435.47946362727,596.4671814046077,0.5735298585982843,2,8,41.28610899084597,3099.347388068527,0
66549.52823024782,640.9466717695839,0.07999469846967516,1,7,21.105464902572102,18963.612747628995,1
51713.41472993059,683.1980330569014,0.6251016033662071,1,3,55.49268108036714,1600.9833575623961,1
52254.52642192817,669.0499679779066,0.6770462965977982,0,3,26.225114278050405,22509.96723675409,1
44545.81681679216,720.9451817139039,0.3815288088695893,2,3,34.615956643309126,16919.6846188259,1
49145.81564418399,606.4513629430156,0.5247095391911165,1,0,50.31482897521627,39439.11036461439,1
54617.026533380886,701.3105798176083,0.8908314867500573,1,3,54.346252967373616,23431.292724923067,1
24347.474110150615,624.0453322416083,0.39885065914761264,0,3,43.059540797314746,19707.748204376814,1
29777.218668414305,723.8810480887503,0.2882184825886799,0,4,29.953053102544537,3838.3028026967095,0
61148.96141034072,711.5367484013053,0.7963326804925197,2,1,36.277345529443,7376.7891468399575,1
52562.981571919125,556.4561297955405,0.8925174381061589,0,3,36.66967279107855,26813.54142266269,0
47240.24995470981,758.5982116175032,0.5007391343695695,2,4,37.023904573091336,16869.033390109333,1
50276.5089959809,596.4036554885952,0.7022926070816713,1,4,22.69946972587536,45353.757480395,0
55213.72558042507,730.8057798281145,0.7682951831061762,2,2,47.60109532395487,19169.487051647386,1
41903.60479535958,686.7287313401341,0.3515031534923232,2,5,36.34588975937778,21689.222801387536,1
38325.42911896531,833.8183676795122,0.40293883292642635,2,2,27.777812310500586,6831.030185220719,0
52937.67882646522,627.6534017628148,0.746174902630947,1,4,30.016069122525586,29474.315655153154,0
35324.40833577452,615.0683203881803,0.837002855741702,0,3,37.69850035508713,10742.791125842234,0
56123.79133571708,648.0580394112268,0.612576172034871,1,3,20.97093350441593,25244.120819106873,1
24461.245936432395,619.6820217165724,0.32403712929958917,0,2,43.78435076165957,28117.933141706286,0
65437.33455988466,729.994190194205,0.8974122223398883,2,2,37.347303024097414,20951.932590680262,1
57088.96223619564,488.3689391563412,0.3938058204376071,2,1,50.65689617026092,37569.70935637303,1
53840.44601470813,544.6317580853646,0.43297244376570965,2,3,35.7758372113457,13892.969283497503,0
64740.36475918271,543.2197078420807,0.5684675668979243,2,5,24.147320602144507,36755.40213121548,0
74982.11666693864,745.0307591973576,0.8108320841429548,2,1,23.021968101226644,7290.539814000978,1
65215.55097527196,821.0613372581926,0.6707951953104447,0,2,31.092943860875717,27990.28491879636,1
22386.88653002532,639.5550781462529,0.5829731000723821,0,3,32.15095233378469,18575.865187085437,1
30806.345498964478,633.117827680999,0.5926577060236212,2,2,29.327382853424183,12918.674088867318,0
40627.72133456482,657.0052163113181,0.5087029337286932,1,3,36.28480532918435,3387.2125126798383,1
50391.36575316251,766.187830260819,0.6116279029037013,1,4,29.073563061143233,17393.308560831876,1
57764.88530703685,557.2646865809426,-0.005912015538860671,2,1,37.54205894424239,16761.849198192947,0
39113.84280269802,673.8368982734785,0.4406785081860403,0,1,29.793515843317305,21729.062229544583,0
52801.50146715617,747.519762978243,0.5482643869833562,1,3,41.31703707734572,27248.149763107394,1
38669.256014700164,700.1094169939845,0.2697971832760986,1,3,31.899012066231762,11915.338268946549,0
40827.23295512078,668.9581616598743,0.577264663562312,1,3,47.46206672267432,37582.676811706,1
28900.083547276667,750.1046092567141,0.4591057558027757,2,2,41.52294699789653,14614.652876943817,0
36151.50130833643,379.6767707000763,0.851095139663098,1,1,36.935853398117054,26021.939790273995,0
29724.730915754997,717.7875319530908,0.8146039450429713,1,3,32.92322733360091,20901.673832632834,1
35361.90120534001,584.5924316872577,0.40683888617636743,1,5,19.809902746713774,18012.90286344418,0
65804.62694911759,466.9367103143543,0.46983245768666093,1,0,49.13549404673922,20400.57182265032,0
35759.01666752085,701.120259952498,0.48521048687832147,0,8,28.192229215827005,10597.124818293958,0
89485.73097256086,787.3658545162957,0.40966810476807547,2,4,35.90732134402219,16124.338674275687,0
57399.76851321334,636.2551485372309,0.5390049968056253,2,1,38.43804323535882,6602.447467038506,1
52772.54185542311,745.2874547202939,0.34834358622248196,0,6,33.16488440421941,14507.296638797303,1
37124.6332972818,811.2278257988646,0.2738769330124947,0,0,48.54601054358028,15333.330729820613,0
60504.64819113487,781.4914453584047,0.6245422447800537,2,7,22.786290825912534,28452.21362771343,1
41365.43260643339,813.9964529371393,0.6259059168443621,1,1,52.339348069873374,16680.748066529442,1
51830.147219680424,724.2127491071892,0.3391368480680015,1,3,41.715575575083164,15519.183762626275,1
88401.26807403192,657.5433638901593,0.67907108615252,2,1,32.53579413165531,22200.401666540394,1
48559.10150413025,489.8034188102831,0.37368445416693374,1,1,32.647700060687114,21808.526093225628,0
67239.09989428514,625.3937511870051,0.5506330476075962,0,2,12.831784960961585,14089.59328685045,1
39452.35362311169,565.6753404683808,0.6640688025224912,1,8,26.517672298318985,23942.28392518798,1
49475.17264254557,867.0942717497813,0.4932774870592574,1,2,31.46096244986957,18213.528023219453,1
76562.00953453264,632.4114187567664,0.5909481824282269,1,6,36.76104976030908,14073.366993449934,1
40595.494133183485,662.3204806784486,0.39671407122248564,2,3,47.59581244452227,15045.211690610062,0
77186.72836995393,705.1485376040467,0.4607066833143806,0,3,55.37545624828951,29493.50689351943,1
60616.279031832135,654.3602446372454,0.4588281138239319,1,5,37.72267098802573,15345.720067404422,1
41562.99836158598,819.5051040430753,0.3506843306919522,2,8,37.056093121429655,22611.25336506143,1
59486.116085832815,587.7350638265548,0.4646451673768436,1,3,30.096482324881315,7175.997356195365,0
64588.316744400945,669.4607455237243,0.19027634022725065,0,2,17.8489985667713,31153.049983922603,1
59327.149433257946,575.7529414301952,0.4017692505715791,1,2,28.94213473794784,14170.057258415089,0
26446.629201643154,517.9977488779294,0.4430249013260658,0,3,32.94498920253977,24002.89496743887,0
39092.94236262697,588.8230909094715,0.44876404950092397,1,6,44.753944206651624,17484.318719969033,0
46287.22046672743,646.2963202951588,0.4517005108258442,0,3,40.19514531581947,23888.341577924584,1
48883.498563499306,607.069777548274,0.4876471600279742,1,4,37.2154522390106,24434.40220364693,0
59310.08146326017,580.7579020126144,0.5958883036172128,0,4,29.191999065107474,18553.367397898954,0
52665.51501399881,509.3682536328166,0.6749034148265045,1,3,15.178832509558692,1340.3545170573052,0
29969.83461934848,641.6894427371305,0.37004695463034654,1,4,15.78243951267346,30910.15109408241,0
55702.967765089445,499.5279625968998,0.25935982892217113,2,5,18.36263533057988,18600.973376991646,0
59158.786179257346,726.0055963689603,0.2915911175513794,2,6,32.07993323795282,23680.06007174066,1
58396.856718965595,658.2439752934504,0.40255941576101456,0,3,44.940444377179894,26917.186899082688,1
66211.71088331932,504.244850053507,0.42961573643669815,1,4,44.67065569960884,15428.25852856971,0
62508.83231823356,619.0790922950137,0.3460007867605085,0,6,42.937157620774364,25171.35456604462,1
56887.70118842655,574.7843594409417,0.2407766671500211,2,2,29.849045164819607,12523.979058757594,0
48947.51432812029,681.9174510419181,0.40877583450516236,0,8,46.4426316611711,23875.42856478548,1
25085.58599726013,784.0450446023144,0.5362853240227943,0,3,25.689294237101564,20197.027634778708,0
56444.273286988784,462.4827530354255,0.619005893167113,2,1,43.53393438858876,15775.048564995432,0
53115.31530744667,661.5026079147417,0.38851538937833574,1,4,18.254236802119447,20469.92170312998,1
54073.6825579306,633.9867204433359,0.4174004355713132,0,4,23.228877561127817,9448.06526603848,1
30848.77136269536,717.1340076450466,0.31466033823053785,2,1,51.52615060970564,23090.399276738975,0
33784.151893876064,671.3196628237689,0.49371216592504474,1,1,32.96165386170796,24128.220790228188,0
65797.29279999355,574.8030668261181,0.33031427316183704,2,5,28.190301405835505,23456.40139904114,1
49406.672692150176,618.0946064333382,0.61462556264824,0,4,46.02758708665654,35021.70827540982,1
60222.510460589365,570.397414319651,0.14282670161317773,1,3,47.17371623557272,19050.262858949838,0
50424.77564195692,757.6007138598599,0.4280740655095075,1,2,30.667191919007774,19738.773278720953,1
50446.34209243618,652.1311648671942,0.5602214678383484,2,1,37.78463452942137,8297.305988783004,1
64074.25708963996,840.1190685753007,0.5367669032645008,2,5,36.369074254071435,35724.69491542905,1
42259.32907673939,643.933918618538,1.0386067327960995,2,5,6.7289855926999955,5018.566048654933,1
51441.811654114754,579.1593233089537,0.5699600049135816,1,2,21.041399212362727,22285.636066998777,0
43065.87066942436,498.6285607387173,0.29918908063159794,1,4,44.422544141820765,13852.189262914151,0
43482.55658851527,469.6860323744055,0.4809071505821854,0,6,26.673957509572503,20623.16612674639,0
45362.41814797041,491.586405699451,0.14475073330670962,1,2,40.29837896065064,6919.407278734083,0
53332.00657450569,676.7126651011483,0.48388005014064783,0,4,37.63040451345533,28916.63469770878,0
42818.77067504784,700.8725023229933,0.3333887885998482,2,3,47.15432770127882,10448.2040170046,1
68836.34188360281,491.88092979678663,0.6830780551120323,2,4,21.362085115921435,31662.531130994867,0
36580.89046670744,739.5038314076115,0.390091945080893,1,5,38.94205840961252,10723.895481437099,0
47196.92533757961,601.693894831656,0.47664681684095067,2,0,34.34585541864556,29752.124191044055,1
43404.034125887374,664.679301198555,0.37288843171911934,2,4,27.102256593250527,11690.351236109855,1
71704.668265306,811.2220628255425,0.8477702703706662,1,1,27.03203589720762,13853.902887348257,1
52948.32164767362,739.6839315865532,0.43575144677641764,0,1,37.27480880825664,19981.5391163588,1
65477.66809202952,623.1469352094168,0.8665114086958403,1,3,41.296701710517915,11520.732965162177,1
27716.59440444542,560.8807774584712,0.6628303524236533,0,2,35.635962825442945,11226.242154199588,0
54005.75398803888,434.8184598670695,0.5964133454670772,1,1,35.94714251857279,11636.58697001445,0
63344.46193435155,578.084668075758,0.573746629463504,1,2,30.015055959639763,23188.555846059407,0
51234.259839131366,628.8869761172306,0.5787594596432504,2,2,30.67814182950276,19995.506013177383,1
65982.20562598026,551.2820472848816,0.11446548413087798,1,4,27.075296416421025,20526.312278936453,1
42240.673248494415,636.8743032907695,0.4442233211698487,1,5,29.813983483049718,16753.671456391232,1
71140.2116027837,657.6851882958769,0.6690315942368643,0,3,40.94675591834997,25486.99899860669,1
84483.47185428876,627.5144018191921,0.4902205633051789,2,3,42.06405624433849,30500.580311206224,1
44557.42159340512,584.999741917654,0.218962030639285,0,1,22.241243841938626,25756.17064201226,0
43317.462178988426,666.8654671966727,0.4895191098845061,0,0,26.035633247184016,17910.284487506706,1
71800.7671567655,694.1940649569409,0.8408211032510983,2,3,27.896019763308086,7792.149163256747,1
73693.58218596068,540.9600922557154,0.7493783431069438,2,7,34.35963138233584,229.1930031592201,0
42157.09959270098,791.0932379746271,0.48759919812679364,2,1,18.168471939635964,19351.351496269053,1
43697.19774356214,640.1411867715739,0.6902898554116174,1,8,26.210929522616592,68.08587108447682,1
45773.230867092396,651.8849622944848,0.42669859592638965,2,4,21.144184869779274,18006.946666644275,0
29833.242334485843,720.8214423256557,0.1592256826346562,2,5,39.00482134210116,34026.23198806571,0
36220.22080273703,673.3216131263501,0.3151068023740891,2,3,34.703250576677355,8465.299493687913,0
34937.88849871898,745.3136633913246,0.8125777537016396,0,4,30.374524745576302,7138.930519860891,0
38483.03652343807,678.7124165201824,0.44520138363413914,0,4,24.36722719231979,26369.342294142225,0
49479.72668919828,588.7562625359562,0.4513232041249964,1,3,30.529035487108054,-8057.41419290195,0
53513.22098804781,686.1503525206101,0.4400323607450239,0,4,29.353078842420786,23818.0814039545,1
73257.50739221115,535.6273792679339,0.8808273179146013,1,4,51.346665525198716,34685.092757274935,0
35024.68938891814,660.8559705776523,0.8251917830724127,0,4,44.9701971158177,11275.1509060499,0
64764.83597714876,646.6770009355539,0.9437560466896269,2,3,28.0929207407108,9557.602528821166,1
46790.16733661736,629.1883142727461,0.46819095791998977,0,7,36.651953409524566,25900.2329759953,1
49258.044355213504,637.1462488561069,0.559124897749419,1,3,44.44208646585996,8292.562225737785,1
60122.29238249906,461.8150954502361,0.19667149011584173,0,1,28.089858127037118,28108.187237344602,0
33159.16967656552,595.1275092259039,0.795386885223655,2,5,20.8288925902673,9106.900717511337,0
55736.14619276076,659.2844901141115,0.266444089746413,1,3,17.03141479067376,37684.023353344186,1
52496.78312319584,665.98563919974,0.5433551127525258,2,4,47.722669199146075,26623.05645728229,0
57386.76896012224,547.2324859074042,0.2805394944734312,2,3,33.08937618530082,20380.438101897995,1
54337.52965861727,776.5707840864701,0.3822266346522608,1,3,37.91325232874699,37107.54943092355,0
86829.50209866342,563.38251517855,0.3325475137900599,2,4,29.2576262468094,30315.437078517018,0
40433.900236230256,746.9457200526737,0.37842494786483644,2,0,22.321010815103158,23686.16776943311,1
42035.04567497274,692.7194361871685,0.39217545937020426,0,3,24.18699175160902,1367.8006626151837,0
40652.89210362853,585.3772690156197,0.3903462410149846,2,5,21.58965207707391,12985.059589306133,1
41667.843212596184,827.5310892609511,0.6666667823560615,2,3,43.499944144688754,30854.095888705066,1
40439.19309040223,530.636316824352,0.27902744138749597,2,2,49.9256115833205,6998.739567923993,0
67835.24796661327,741.9154173610002,0.5441082854027733,2,2,35.37243962475023,12342.76726697295,1
71307.56371984782,750.0582318042979,0.7435918304611117,1,4,19.822009067996014,9779.022124933892,1
41438.805593757854,582.9379790923355,0.3973607270973208,0,5,39.96584190835608,24023.568263212423,0
37514.66640343657,789.2465300064329,0.3564162218504796,2,6,47.64984664992543,29636.118108628805,0
57071.23334579606,624.9953485401047,0.4538950749639498,2,4,44.716667674833936,29645.989185912375,1
41716.65433578543,678.8693629279857,0.735945041672142,1,3,34.70868951515006,11471.80603927736,1
59493.97726633266,676.0321838771221,0.5388215261906716,2,7,32.65517763373117,23886.58522368681,1
53043.845312769496,636.5691258529453,0.3937571410784803,1,2,34.62833678790269,11001.173829543039,1
27263.838275041522,731.0808273159782,0.596775330237608,0,2,47.25249004976716,17894.515002619668,1
73212.57801995092,729.3488720552212,0.2795415700327153,0,3,42.603654278213824,25201.680989460165,1
76938.16509643283,475.1468026761819,0.6362719020885896,2,2,31.14243000376698,30613.753366291843,0
40808.16964273421,780.4340242878152,0.5817214615403535,2,3,30.890847242096033,-1493.9699366115638,1
44184.47660096024,483.7508011964326,0.4384383057722232,2,2,30.18304951259315,20986.34691408499,0
54287.98086087358,753.2546204341658,0.3322828403105538,1,2,24.353673664476986,34072.93303529942,1
55016.851849805375,762.6705136827584,0.32266381554330853,2,3,48.51838235745386,22322.194296753674,1
59878.164090092454,540.9033569784801,0.606963467269182,2,6,27.12176252253561,20826.132727933124,0
80153.06808149524,608.9185712045415,0.7457961004978124,0,2,39.90276065666753,14369.928485196313,1
47345.79158758926,539.4295331514064,0.37253845059424107,2,7,28.38572361682168,33807.5296778628,0
38025.541331923196,628.5078969711265,0.5916773407102969,0,3,30.227761179666377,14832.159047887271,0
29310.21157978209,619.1965715814259,0.08259459627958621,2,4,33.86119233277029,18998.50609550672,0
39036.04940087121,727.966053226934,0.3830764538685601,0,1,40.452424248342076,15297.868214682709,0
49503.095406893044,781.0308746119608,0.49378821342581963,2,0,32.40776118214521,21081.95508514964,1
76918.36795276681,789.5683810789956,0.3180633166036333,0,3,23.60794828382668,34256.51999048196,1
42235.830514457426,593.7831973421698,0.3126987250420808,1,4,35.19081331079101,10938.93469423337,0
53356.819274583475,629.0778126255473,0.36644408870622275,0,2,27.3332820080837,21125.53264251866,1
49753.65655890872,481.656180777905,0.5584385456652746,0,3,50.43838306914531,23910.645002158086,0
67825.89910172127,569.4129933503812,0.46253419631872505,0,6,32.40055497527411,11876.678650306527,0
87903.98638810433,746.4851633097458,0.05235375333500558,2,3,28.320306619288644,19409.841438892803,1
42036.96840619519,811.5582823548232,0.07585996947298673,2,2,54.74800799653343,38513.40119491078,1
42658.40836222667,526.5651128120078,0.3786269644285649,2,1,42.38889702442473,2315.1067211204827,1
65662.41315603608,590.7535740847106,0.5915373172107105,1,3,26.032258861957835,15787.992618425982,1
60228.37234439467,647.3594243041073,-0.04950096854504693,1,4,27.09085940003396,22505.595069300925,1
77700.6098860405,678.0161158819607,0.40005396476967386,0,3,39.741829810906815,16240.57030667744,1
58758.92277988946,569.0396480078354,0.3947504286965158,1,2,35.43476301034899,48862.474705641114,0
44610.61863819411,692.406104446409,0.7776675556416897,0,3,43.90175542720475,25486.907364812927,1
58859.82246038464,602.6160652929084,0.42299563765742726,0,0,28.373236990084166,9556.308371405243,1
66630.55370874362,648.5547729121721,0.5765977969481857,0,2,42.01109124798477,-3367.593553203089,1
62307.23271796046,704.62842480037,0.5282514280174927,1,6,12.617116588919561,23402.75862751854,1
57609.11046660947,650.6422269810938,0.07388670403855985,2,2,33.45558130741228,12443.808761924609,1
66000.1203438373,606.3614109473432,0.6536414433263474,1,3,28.82820853989268,32888.98506278653,1
67539.4338566851,639.0390196074169,0.5430793010912576,0,5,30.449533793325802,17251.344370896164,1
70732.38486556291,641.1637040794665,0.6016537279349179,0,3,33.97125353873921,14316.483593304696,1
59730.64831384464,612.9988970117872,1.2852475412872653,1,3,46.385036395936964,14147.528428550155,1
47493.22879524718,624.1203937332898,0.08317741210028229,0,2,23.45960120678953,29865.091738292784,1
52200.705296499844,809.8647170504717,0.8449393299522217,0,3,13.119569955900001,24155.83039833964,1
68097.63449762535,706.0919447941238,0.4425104961199289,1,0,24.619464288883865,37559.56723790878,1
37745.964935191456,620.4519681970839,0.5574657808806018,1,2,45.2243593192816,17848.928837968117,0
55530.099633093516,719.6954404510735,0.49089755093975157,1,1,18.550086645084253,28622.79412053033,1
44099.91781508959,616.618051024399,0.41515273332039127,0,1,29.280523594151234,28793.760844116463,0
50431.17234402226,767.3124637586641,0.38603341435224825,0,3,43.395773748118316,26738.134530635594,0
69176.77793910948,686.9642192198094,0.5659017471146018,2,7,34.41571456745646,14901.421809533578,1
52866.48602029855,639.2697855995771,0.19656526066566415,2,3,46.2870672085032,24734.080300457877,1
50696.54822234223,694.7716925810278,0.6501158335043531,1,2,14.651045165504964,19027.57559935999,1
29602.15788530121,492.91238479315007,0.4167611190229492,2,2,31.783909124689842,18764.837289084575,0
61193.80349040831,537.3232531090194,0.27398613219192847,0,3,48.37177166354999,11941.897083147343,0
59682.26271711613,530.6074993600945,0.40999742840083725,2,6,23.731183538678348,-1203.3874123072346,0
82448.8208495819,664.2943094763707,0.7514298433725146,0,3,45.348098433880864,32483.76364198185,1
45383.32647570499,823.2514999485091,0.39293298259675535,1,2,32.643096169398376,24315.583692859807,1
53287.254914959085,873.1300146192632,0.5716907236419241,1,3,39.34129425055923,6568.017803230738,1
53740.75525566133,713.8051101440757,0.35380874485690533,0,6,47.64656907022541,27177.10460547981,1
73661.79919645212,700.0844474944457,0.6515843699847239,2,1,39.29836151048089,32681.354929902423,1
48570.567014195716,469.8942265847261,0.6371015477580408,1,2,29.087504406306337,27776.674467161618,0
54185.32288655509,595.7326200265978,0.8697217666592822,1,5,40.62062752125228,11083.618211670695,0
59118.44764574809,571.2216248091761,0.4648872109001569,2,4,28.382001547189947,12680.081074642025,0
52799.13684734537,587.9152401748884,0.6337309609515813,2,2,37.73366852785388,14521.239851525519,0
43303.49578174208,633.185618141521,0.5196135079077889,0,2,22.481570405752272,28610.848062038116,1
52911.34989347462,602.7909422302872,0.7591743563726029,2,3,35.29094673412295,24789.598591680096,1
66104.47624789659,452.0700189624212,0.3562335224782539,2,3,46.892930782887646,47902.916215481855,0
34602.270508834095,724.7910256117534,0.6490010625754562,2,3,32.012302774349415,3591.1493828211715,0
51994.54511220314,542.7256974260193,0.46106054077666364,0,6,45.93690438849311,19474.01663431335,0
39498.1877759124,673.924686411115,0.4871623645783004,0,0,65.93429530670906,722.4474065680151,0
67925.69943387264,857.4082669749973,0.5183504968896746,1,4,34.71052685188788,25966.479047345143,1
27152.19642824338,558.0615408413577,0.5504480792853355,0,1,41.14192156241985,30668.946186472567,0
41616.17229092617,396.971247725367,0.47675419137560837,1,4,39.76862584882057,34421.06116768143,0
55658.17812596781,621.3995778119889,0.5429426366341052,2,1,37.251036591740785,21885.22092864789,1
73482.86043851511,760.0959634998571,0.8156236115124369,1,1,42.878960241588956,866.9062907227053,1
49013.746083905186,845.8347454220594,0.6970899371230437,1,3,32.51904968127337,19498.514291937518,1
41672.00709960202,527.0450405547583,0.6738309184993794,2,2,28.374558997254574,24367.89894024359,0
78217.35604160884,699.6699223236521,0.40889209479522587,1,0,19.73677228569492,9948.53745315853,1
28279.79149375634,603.4689543219947,0.32215183435433514,0,2,31.572415069131715,17350.213364775584,0
17017.910650698774,639.4051645695864,0.6910601116475505,0,3,44.014341651353675,7229.50365403953,0
56600.216750799984,914.4343347017035,0.6752093585059589,0,3,25.602028888068688,13872.954706421378,1
42469.18663471083,499.7029671604847,0.7945341351501964,0,2,37.46677896532757,29124.665694033127,0
34681.5077430393,675.3739661494574,0.3792038748061541,1,10,33.76890136469069,26801.629467912917,1
60625.3467094903,696.7693171765433,0.4540902689279306,1,4,28.792818769574023,6047.804905635585,1
53657.010706567984,758.5786324939347,0.17210316749491317,2,2,16.46959670246733,12950.148523619344,1
41538.820538949076,659.7983153470896,0.4215057787878254,1,2,48.62854699120787,20570.919847757406,1
30795.434019936583,680.8050539504102,0.6993141021158895,1,3,40.17190530383378,22265.24318547872,0
63086.859924202174,610.8351432578208,0.40670092415436043,1,3,61.6528782770926,13371.042434540559,1
59753.017669379915,676.9126941245107,0.6280959590401648,2,3,45.794130139575415,24764.574533215924,1
48512.36204330926,615.6807724502589,0.46189937880043774,0,0,48.40543978648547,19647.17779485237,1
77699.554940715,712.1571889856051,0.5648114056443121,1,0,17.506462689766018,-5766.297668605559,1
33948.72850510771,613.0389663956366,0.2704617220368665,2,4,17.331646354384407,14283.296727232999,0
27117.122436128917,687.7100393902186,0.5170418899267802,2,2,35.42312061052587,13997.74269889429,0
39621.378951781335,647.0737186315022,-0.0982271941801447,2,4,23.518845765186875,26782.73700389743,0
49316.209754667536,762.6050250772169,0.462620768367603,0,2,28.187131531559743,26960.592371780476,1
53650.091739840376,644.8606276411514,0.17390535125697193,1,1,60.262641801249686,3278.9722907212017,1
46381.459132155054,472.6967531793118,0.7411989033093632,2,2,46.89876171681861,24384.717569965676,0
55280.83094771445,776.1921500713992,0.6554814705529023,0,2,25.643444576682036,19260.36154599308,1
31226.90863714334,559.4267699137381,0.5933341963932162,2,4,11.338794864301246,21264.24408124737,0
71656.46906109889,584.623366135118,0.8042012454318761,2,2,24.800626618959498,13861.729813062697,0
48767.732324111465,590.4338705956508,0.31021669583503253,2,3,29.428055570612777,19381.70077232319,0
66759.43747382192,787.4438093170818,0.8494726395831116,2,0,31.787363307399243,31503.2682257834,1
55140.88019566556,436.43257860213043,0.686438312852077,2,2,22.20953748923379,21121.85759091425,0
56851.29828730676,963.7748533659994,0.4526889425562108,0,1,46.29850592330794,19575.73294382106,1
58546.50920348306,755.6056809066051,0.7271240294365888,1,5,27.885392061417466,15207.966258037837,1
56715.628400259724,672.3238914129159,0.2787412975176732,1,4,41.4857767260271,30522.559337439634,1
59640.84139801316,644.5105999383713,0.3350971676944653,1,6,35.53887421891022,7192.121833327898,1
69937.28795198648,678.5554074857657,0.37828205535205994,1,3,44.384770550860424,11980.303982170823,1
52947.817545522055,702.1122428379339,0.394204458387197,0,11,32.62079671556955,6617.886182146125,1
60635.05636382769,714.5215585950057,0.2886884714479494,0,1,25.750135613420298,22006.851750501653,1
48653.964585691596,705.5604466003449,0.744616613419065,0,1,29.014127958980342,31797.47606415444,1
71601.75823174209,658.9580681255248,0.44822911992603365,2,2,29.155148856421956,16712.045824305515,1
39854.115469110955,630.2661579692674,0.5705009936713759,2,4,55.64550551576234,9305.944652251392,0
77014.10649366223,634.8726716346488,0.3859297267172639,2,2,35.76505271839288,36364.46483704971,1
49397.63074033485,630.5091719647319,0.13587933989029655,1,2,35.04632814703877,24512.830666483995,1
28538.373468229278,763.3770096867065,0.5540114716782845,2,2,43.82026540708549,22775.24143634279,0
51921.56622366184,709.3556722280862,0.11754900491604459,1,3,34.99930145245871,18098.09357826998,1
39784.22513787678,355.96113653357196,0.48627319078290626,2,1,46.2167631931437,26690.141718574814,0
62609.65323483086,715.5900776529761,0.2263369922334379,1,0,31.279222392988856,22618.5556427867,1
40210.640310464136,669.4736194718774,0.8974551998461616,2,1,30.26360249587311,15187.31571620619,1
43307.248501778304,648.1291243554102,0.6822725444349443,2,3,25.19726503985172,16861.973731871392,1
21656.889035817036,611.1481546911114,0.5211507582542961,0,7,53.50047330050701,9801.13198986966,0
43215.405211263846,762.4112719986014,0.7527413355309338,2,4,34.301751762343955,8554.348124725026,1
13641.81010056565,744.7526462122858,0.33073680450685283,2,6,23.259575403785046,17033.47804903167,0
26241.45764771415,572.7122332176391,0.6086958757340186,0,5,36.96827221979218,31542.14892291474,0
61406.21984216446,690.7052287124535,0.5399620867437427,1,2,28.499461229365593,9658.367878386582,1
61787.00237976248,552.8343265458714,0.552804016266734,0,3,31.10398768546069,28363.700292574104,0
56381.86342677447,512.0381835211069,0.7544707000213535,0,5,38.107534317277185,12010.651463432008,0
35495.3578530618,587.3282775410034,0.6464984205559605,1,5,50.20985240254101,2133.9692730230126,1
49284.3296578703,736.2393472382759,0.5577447325650047,2,3,36.01585358173041,25465.99758589076,1
49945.96191364148,745.3125045376087,0.16902251275434077,1,4,27.889632295448493,36287.68087574782,1
32624.529662111858,701.3085420097293,0.3079907409441073,2,3,29.950851577057723,11442.649197319719,0
72550.97452650726,722.5095786847997,0.4754582132808552,2,0,41.564471869104686,4301.290910998399,1
63160.43435863507,701.6178287114958,0.5186744748553302,1,7,15.416590842130592,24549.14751080022,1
46685.53739255504,585.8518404777047,0.27395925506521523,0,2,24.57317723703908,10768.258045280048,0
50403.28758491796,693.192254467394,0.9823353351156843,1,5,37.126460761973405,25366.465784709282,1
53125.74211921329,730.0409525227682,0.8032788110507145,2,1,17.933304226252517,31514.795942038418,1
19373.97697363564,725.4291329813574,0.6204236640784967,1,1,31.874821208651362,23306.174956029354,0
46292.339262191046,768.8913371474644,0.5144073722567489,1,1,30.21734964342484,28097.68308345471,0
39770.23628003302,720.8303847201064,0.45755820601976965,2,3,43.774485220756674,28166.121536347004,1
34975.69985157627,685.1448207541583,0.30961630799555284,0,3,32.497176668808,29899.4671217863,0
45783.495606710676,757.0150238316428,0.5154961037037725,1,1,46.86691382603047,20452.107675574807,1
76965.29790274284,647.347874075094,0.5515505080285501,2,3,35.78873023238061,27790.76427393654,1
59612.64291900515,561.8125348772282,0.2516478849036751,2,3,52.764511308092665,21644.017461563115,0
41432.31515325805,633.6933036056237,0.5668352834489795,1,7,21.12511035608229,23913.20171935226,1
58588.74172034238,575.5097355193551,0.46894819023505024,0,4,51.17126841267978,50517.11319918625,0
